filename,text
1_1.wav,সোণালী বলৰ ওপৰত সোণৰ ধাৰ্মিক ক্ৰছ
2_1.wav,গ্লাছ কেণ্ডেল ষ্টেণ্ডত মমবাতি
3_1.wav,টেনিছ কোৰ্টৰ কাষত এখন নীলা দেৱাল
4_1.wav,মিহি কৈ থকা ৰঙা চুলি
5_1.wav,মটৰচাইকেলৰ সন্মুখত মোটোক্ৰছ স্প্ৰিংছ
6_1.wav,এই টেনিছ কোৰ্টখন বালি আৰু ধুলিৰে নিৰ্মিত
7_1.wav,চকীত বহি থকা আদালতৰ পৰিচাৰক
8_1.wav,এটা চূড়াৰ ওপৰত এটা ক্ৰছ
9_1.wav,ক্ৰছটো ক ' লা
0_1.wav,কিতাপ ষ্টেণ্ডত কিতাপৰ এটা গোট
1001_1.wav,তিনিজন খেলুৱৈয়ে হেলমেট পিন্ধি আছে ।
1002_1.wav,এটা অ - ইংৰাজী সংকেত
1003_1.wav,আদালতত দৌৰি থকা খেলুৱৈ
1004_1.wav,আদালতত থকা মহিলাগৰাকী
1005_1.wav,এটা ঘূৰণীয়া কনচাৰ্ট ব্লক
1006_1.wav,প্লেটত ফাষ্ট ফুডৰ সামগ্ৰী
1007_1.wav,দ্বিতীয় গল্প উইন্ডোৰ বাওঁ কোণত ওপৰৰ উইন্ডো পেইন
1008_1.wav,আদালতত সীমা ৰেখা
1009_1.wav,বাওঁফালৰ পৰা দ্বিতীয় কাঠৰ উলম্ব
1000_1.wav,খাদ্য ষ্টেণ্ডত থিয় হৈ থকা এজন ব্যক্তি ।
101_1.wav,দ্বিতীয় মহলালৈ যোৱা মুগা কাঠৰ চিৰি
102_1.wav,বহু নিখুঁত কাপোৰ আৰু সামগ্ৰী
103_1.wav,চাৰিআলিটো অৱৰোধ নকৰিব সংকটৰ ওপৰৰ সোঁ লেনটো সোঁফালে ঘূৰিব লাগে
104_1.wav,মটৰচাইকেলবোৰ দ্ৰুতগতিত গৈ আছে
105_1.wav,খেলুৱৈসকলৰ পিছফালে এটা বেৰ
106_1.wav,ফটোত তাৰিখ
107_1.wav,হোৱাইট লাইন ডিলিমিটেড পেনাল্টি বক্স
108_1.wav,ৰঙা আৰু হালধীয়া বৰ্ণৰ সৈতে সেউজীয়া চিহ্ন
109_1.wav,আধা পাইপ তৈয়াৰ কৰা এটা ৰঙা ধাতুৰ ফ্ৰেম
100_1.wav,লিভিং ৰুমত টিভি আৰু ষ্টেডিয়া
1011_1.wav,এটা নীলা আৰু বগা ক্ৰছ ৱাক চিহ্ন
1012_1.wav,আন এখন বাছৰ দুৱাৰ খোলক
1013_1.wav,মেট্ৰেছৰ তলত ফ্লাৱাৰ বক্স স্প্ৰিংছ
1014_1.wav,জৰিমনা পৰামৰ্শ দিয়া পথৰ চিহ্ন
1015_1.wav,ফলগছৰ ৰেকৰ দ্বিতীয় স্তৰত কমলা আৰু নাশপাতি
1016_1.wav,এজন স্কিয়াৰ ঢালত দ্ৰুতগতিত নামি আহিছে
1017_1.wav,এটা চেডল পেডৰ ওপৰত এটা ইংৰাজী চেডল
1018_1.wav,জিৰাফৰ চাৰিটা ছায়াময় ৰূপ যেন আগলৈ চাই আছে
1019_1.wav,খেলুৱৈসকলৰ পিছফালে লেতেৰা কংক্ৰিটৰ দেৱাল
1010_1.wav,জিৰাফৰ  কাষত গছৰ এটা ষ্টেণ্ড
1021_1.wav,দ্ৰুত গতিত চলি থকা মেট্ৰ ' ৰেল
1022_1.wav,দুয়োজন খেলুৱৈৰ মাজত নেট
1023_1.wav,খেলুৱৈসকলৰ বাওঁ হাতত বেছবল হাতমোজা
1024_1.wav,ফৰাচী কফি শ্বেল্ফত ৰূপালী আৰু ব্লেক প্ৰেছ
1025_1.wav,ফুটপাথত ধূসৰ খণ্ড
1026_1.wav,চমু টেন এণ্টাৰটেইনমেণ্ট ষ্টেণ্ড
1027_1.wav,নাওখন ধৰি থকা এটা কাঠৰ খণ্ড
1028_1.wav,খেলুৱৈসকলৰ কাষত বেৰ
1029_1.wav,ফলৰ ষ্টেণ্ডত কমলা
1020_1.wav,থিয় হ ' বলৈ কেইটামান হাতীয়ে ফটোশ্বপ কৰিছে
1031_1.wav,বিশৃংখল নিশাৰ ষ্টেণ্ড
1032_1.wav,পাতল ৰঙৰ দ্বিতীয় মহলাৰ সৈতে টেন হাউচ
1033_1.wav,টেনিছ কোৰ্টত দুখন বগা চকী
1034_1.wav,এটা ক্ৰছ ৰেলৱে চিহ্ন
1035_1.wav,ইটাত এটা ত্ৰিভুজ গঠন
1036_1.wav,মানুহৰ সৈতে এখন দ্ৰুত নাও
1037_1.wav,ৰাস্তা পাৰ হ ' বলৈ অপেক্ষা কৰি থকা লোকসকল ।
1038_1.wav,পোহৰৰ বাবে টিপিব লগা বুটামটো সংকেতৰ তলত আছে
1039_1.wav,হাতীবোৰ লেতেৰা পথাৰত থিয় হৈ আছে
1030_1.wav,চুৰিৰ সৈতে এটা কছাৰীখণ্ড
1041_1.wav,চিহ্নিত পথচাৰী ক্ৰছ ৱাক
1042_1.wav,পানী দ্ৰুতগতিত বৈ আছে
1043_1.wav,তাৰিখত আগশব্দটো
1044_1.wav,বেঞ্চৰ পিছফালটো কাঠৰ শ্লেটৰে নিৰ্মিত ।
1045_1.wav,বলটোৰ পিছফালে দুজন পুৰুষ খেলুৱৈ আছে
1046_1.wav,পাৱাৰ লাইনবোৰ বতাহত পাৰ হয়
1047_1.wav,পাত্ৰ ষ্টেণ্ডৰ কাষৰ এলেকা
1048_1.wav,বেকগ্ৰণ্ডত ফাষ্ট ফুড
1049_1.wav,এইটো এটা কঠিন হালধীয়া খণ্ড
1040_1.wav,মটৰচাইকেলৰ স্প্ৰিংসমূহ
1051_1.wav,টেনিছ কোৰ্ট বগাৰে চিহ্নিত
1052_1.wav,এটা সেউজীয়া খ্ৰীষ্টমাছ ট্ৰি ষ্টেণ্ড
1053_1.wav,এজন ব্যৱসায়ী ৰাস্তা পাৰ হ ' বলৈ অপেক্ষা কৰি আছে
1054_1.wav,এটা বগা ষ্টেণ্ড মিক্সাৰ
1055_1.wav,সময়ৰ মোহৰ ৰঙা ।
1056_1.wav,ব্ৰকলি কাণ্ডএটাৰ ক্ৰছ চেক্সন
1057_1.wav,ডাগআউটত থকা খেলুৱৈসকল ।
1058_1.wav,টেনিছ কোৰ্টত সেউজীয়া বেৰ
1059_1.wav,কোৰ্টত টেনিছ খেলি থকা ব্যক্তি
1050_1.wav,টেনিছ কোৰ্টত ছাঁ ।
1061_1.wav,দ্বিতীয় মহলাত এটা বাৰান্দা আছে
1062_1.wav,ফলৰ ষ্টেণ্ডত ৰঙা ড্ৰেগন ফল ।
1063_1.wav,বাছৰ দ্বিতীয় চিটত বহি থকা ব্যক্তি
1064_1.wav,ষ্টেণ্ড - আপ লেম্পৰ শৰীৰ ।
1065_1.wav,খেলুৱৈসকল পুৰুষ ।
1066_1.wav,টেনিছ কোৰ্টত এটা বেৰ
1067_1.wav,তাৰিখ বুলি কয়
1068_1.wav,এনিমে চৰিত্ৰৰ সৈতে দেৱালত ওলমি থকা ছবি
1069_1.wav,এটা গ্ৰিল টিপক
1060_1.wav,মানুহজনে ফ্ৰিছবী এটা দলিয়াই দিয়াটো বন্ধ কৰিবলৈ চেষ্টা কৰি আছে
1071_1.wav,টেনিছ কোৰ্টত সেউজীয়া দেৱাল
1072_1.wav,ইংৰাজী ষ্টাইলৰ চেডলত মহিলা
1073_1.wav,ফটো তাৰিখ ষ্টাম্প
1074_1.wav,ফটোগ্ৰাফাৰৰ স্বত্বাধিকাৰ আৰু তাৰিখৰ মোহৰ
1075_1.wav,এজন মানুহ ডকত থিয় হৈ আছে
1076_1.wav,বগা চৰ্ট পিন্ধা দুজন খেলুৱৈ
1077_1.wav,কোৰ্টত টেনিছ খেলি থকা লোকসকল ।
1078_1.wav,চাৰ্ফ বোৰ্ডত এটা নীলা ফাইন ।
1079_1.wav,টেনিছ কোৰ্টত বগা ফুল ফুলে
1070_1.wav,শ্বপিং মলত বাৰ্ড মডেল নিলম্বিত ।
381_1.wav,ডাঙৰ লোমযুক্ত ফৰ্সা লেপ
382_1.wav,বগা টেনিছ কোৰ্টৰ বগা কাষ
383_1.wav,কোণত নাম আৰু তাৰিখ
384_1.wav,মিহি তামৰ বালিৰ ওপৰত হালধীয়া সেউজীয়া ঘাঁহ
385_1.wav,ক্ৰছ কাণ্ট্ৰী স্কিয়িং লিটল কিড
386_1.wav,এটা নেটে আদালতক বিভক্ত কৰে
387_1.wav,ইমান দ্ৰুতগতিত খোজ কঢ়া ব্যক্তিক বন্দী কৰা হয়
388_1.wav,চুৰিখণ্ডটো পূৰণ কৰা হৈছে
389_1.wav,লং ফৰ্ক্স আৰু স্প্ৰিংছ
380_1.wav,ছাইনপোষ্টত চিহ্নসমূহ আৰু ব্লক নম্বৰৰ নামকৰণ কৰা হৈছে
391_1.wav,একেৰাহে দ্বিতীয় কাগজৰ জাননী
392_1.wav,দ্বিতীয় মঞ্জিলত বহা
393_1.wav,এজন ক্ৰছ কাণ্ট্ৰী স্কিয়াৰ তললৈ বেঁকা হৈছে
394_1.wav,টেনিছ কোৰ্টৰ ওপৰেৰে চলি থকা ছাঁ
395_1.wav,খেলুৱৈসকলৰ সন্মুখত কুলাৰ ।
396_1.wav,ভৱনটোৰ ওপৰত কাৰ্টুন চৰিত্ৰ ।
397_1.wav,ষ্টেণ্ডৰ সৈতে ক ' লা চাকি
398_1.wav,নিৰাপত্তা বিষয়াসকলে নিশ্চিত কৰে যে মেলাত সকলো লোক সুৰক্ষিত থাকে
399_1.wav,স্প্ৰিংবোৰ ৰঙৰ ৰূপালী
390_1.wav,ৰঙা আৰু ধূসৰ পোছাক পিন্ধা বেছবল খেলুৱৈসকল
401_1.wav,ইংৰাজীত নথকা এটা বগা আইকন
402_1.wav,ষ্টেণ্ডত কাম কৰা মানুহজন
403_1.wav,টেনিছ কোৰ্টত থিয় হৈ থকা মানুহজন
404_1.wav,খেলুৱৈৰ মণিবন্ধত কলা বেণ্ড
405_1.wav,তলৰ সোঁ কোণত নাম আৰু তাৰিখ ।
406_1.wav,ৰঙা ছেকেণ্ড হেণ্ড
407_1.wav,আদালতত কমলা ৰঙৰ ৰেখা
408_1.wav,পৰ্দাত তাৰিখ
409_1.wav,সূৰ্য অৱৰোধ কৰিবলৈ বেছবল টুপী
400_1.wav,ষ্টিকাৰটো নীলা বগা আৰু মই ভাবো ইয়াক ইংৰাজীত লিখা হৈছে
41_1.wav,ডাগআউটত থকা খেলুৱৈসকল
42_1.wav,ষ্টেণ্ডত এটা বগা মাটকা
43_1.wav,ফটোৰ তাৰিখৰ মোহৰ ।
44_1.wav,পিছফালৰ ভৰিখনে এটা চতুৰ্ভুজ গঠন কৰে
45_1.wav,লাইট গ্ৰীণ টেনিছ কোৰ্ট
46_1.wav,ফুটবল খেলুৱৈৰ ৰঙা চাৰ্ট
47_1.wav,ষ্টেণ্ডত ধূসৰ টেলিভিছন
48_1.wav,এক দ্বিতীয় প্লেট খাদ্য ।
49_1.wav,ডাঠ কাঠৰ ধোৱা ষ্টেণ্ড
40_1.wav,ডাঙৰ ৰূপৰ ৰস টিপক
411_1.wav,গীৰ্জাৰ ওপৰত এটা ক্ৰছ
412_1.wav,টেনিছ কোৰ্টৰ দ্বাৰা সেউজীয়া ঘাঁহ
413_1.wav,কিছুমান ট্ৰেফিক অতি দ্ৰুতগতিত আগবাঢ়ি ছে
414_1.wav,সমগ্ৰ মেলাৰ ওপৰত ডাঙৰ নীলা পতাকা
415_1.wav,আদালতত এটা ফাট
416_1.wav,টেনিছ খেলুৱৈজনৰ হাত আগবঢ়াই ছিল ।
417_1.wav,ৰাস্তাৰ ওচৰত কংক্ৰিট ব্লক ।
418_1.wav,দেৱালত আদালতৰ সংখ্যা ।
419_1.wav,দ্বিতীয় বাছত বগা আখৰৰ সৈতে কাঠৰ চিহ্ন
410_1.wav,বাহিৰত এটা মিচিং চাইডাৰ ব্লক খোলা
421_1.wav,গছৰ শিপা দাঁতিৰ ৰূপত বাহিৰলৈ ওলাই আহিছে
422_1.wav,ষ্টেণ্ডত মাইক্ৰ ' ফোনবোৰ শাৰীবদ্ধ হৈ আছে
423_1.wav,পতাকাৰ ওপৰত থকা বগা ক্ৰছ
424_1.wav,পাৰ্কিং ষ্টলত হালধীয়া ব্লক
425_1.wav,এক্স তৈয়াৰ কৰা এটা চিহ্ন
426_1.wav,দূৰত্বত ভূমি গঠন হয়
427_1.wav,সেউজীয়া আৰু নীলা কোৰ্টত খেল
428_1.wav,ক্ৰীড়াটো ক্ৰছ কাণ্ট্ৰী
429_1.wav,এই দেৱালখনে এটা ষ্টল গঠন কৰে
420_1.wav,হালধীয়া ধাতুৰ ওপৰত এক্সটে ষ্টেম্প
431_1.wav,কাঠৰ ষ্টেণ্ডত এটা চাহ ছেট
432_1.wav,এইখন এখন সংবাদমেল
433_1.wav,দ্বিতীয় বিমানে ধোঁৱাৰ পথ এৰিছে
434_1.wav,ৰাস্তাত বগা চৰিত্ৰ
435_1.wav,ফাষ্ট ফুড খোৱা লোক
436_1.wav,কোণৰ তাৰিখ
437_1.wav,ৰূপালী ক্ৰছ নেকলেস
438_1.wav,এটা পৰ্বতত বৰফৰ খণ্ড
439_1.wav,এটা ৰঙা আৰু বগা কাউণ্টি ফেয়াৰ টেণ্ট
430_1.wav,এটা ধাতু আৰু শিলৰ স্তম্ভই ঘণ্টা আৰু ক্ৰছৰ আধাৰ গঠন কৰে ।
441_1.wav,টেনিছ কোৰ্টত বগা টুপী পিন্ধা মানুহজন
442_1.wav,হালধীয়া টি - চাৰ্ট পিন্ধা এজন মানুহ ভৰি ভাঁজ কৰি বহি আছে
443_1.wav,শাৰীত এটা দীঘল শাখা
444_1.wav,দুটা সূক্ষ্ম সুৰাপানৰ গিলাচ
445_1.wav,সেউজীয়া বেছবল ফিল্ড ত খেলুৱৈআছে
446_1.wav,মানুহজন ক্ৰেইনত থিয় হৈ আছে
447_1.wav,প্লেনৰ কাষত বৰ্ণসমূহ
448_1.wav,ইংলিছ চিটি বাছ অন দা ৰোড
440_1.wav,মেকুৰীএটাৰ ওপৰত দীঘল সূক্ষ্ম গোঁফ
451_1.wav,ৰঙা ক্ৰছ ষ্ট্ৰাইপৰ সৈতে এটা লেতেৰা বগা ডিছ টাৱেল
452_1.wav,দুজন বেছবল খেলুৱৈয়ে ইজনে সিজনৰ সৈতে কথা পাতি আছে
453_1.wav,আদালতত দীঘল নেটৱৰ্ক
454_1.wav,পৃষ্ঠভূমিত ক্ৰছ - কাটলেৰী স্কি কৰা এজন ব্যক্তি
455_1.wav,খেলপথাৰত বেছবল খেলুৱৈ
456_1.wav,হালধীয়া ক্ৰছৰ সৈতে হালধীয়া আৰু ক ' লা খুটা ।
457_1.wav,ৰঙা ক্ৰছৰ সৈতে এটা বগা বাকচ ।
458_1.wav,ব্ৰেড ডো ক্ৰছ - হিচ ডিজাইন
459_1.wav,টেনিছ কোৰ্টত বগা বাউণ্ডেৰী লাইন ।
450_1.wav,নীলা প্লাষ্টিকৰ হট ডগ ষ্টেণ্ড
461_1.wav,দ্বিতীয় মহলাৰ বাৰান্দা
462_1.wav,ফাষ্ট ফুড হট ডগ আৰু পিয়াজৰ আঙুঠি
463_1.wav,সময় তাৰিখৰ মোহৰ তলৰ সোঁফালে আছে
464_1.wav,দ্বিতীয় তাৰিখ চীল
465_1.wav,খেলুৱৈৰ ভৰিৰ তলত সূক্ষ্ম ধূসৰ গ্ৰেভেল
466_1.wav,লেম্প ষ্টেণ্ড লাইট
467_1.wav,এটা পেছাদাৰী টেনিছ কোৰ্ট
468_1.wav,উচ্চ তাৰিখ
469_1.wav,ওপৰত ডাইনোচৰৰ আৰ্হিৰ সৈতে ড্ৰেচাৰ
460_1.wav,নাওখনৰ পিছফালে ঢৌ
471_1.wav,মেলাত মহিলাগৰাকীয়ে মেইডেনৰ পোছাক পিন্ধিছিল
472_1.wav,মঞ্চ সংহতিত পৃথকে যোগ্য
473_1.wav,ট্ৰাকৰ পিছফালে চীনা চৰিত্ৰসমূহ
474_1.wav,দ্ৰুত নীলা আৰু বগা ৰেল
475_1.wav,চাৰ্টত থকা খেলুৱৈজনৰ নাম
476_1.wav,খেলপথাৰত মহাবিদ্যালয়ৰ বেছবল খেলুৱৈসকল ।
477_1.wav,মাটিত নীলা আদালত
478_1.wav,এখন প্লেটত দুটা টোষ্ট কৰা ইংৰাজী মাফিন ।
479_1.wav,চিমেণ্ট ব্লকত মোনা
470_1.wav,টেনিছ কোৰ্টৰ শীৰ্ষ
481_1.wav,কোৰ্টত হালধীয়া টেনিছ বল
482_1.wav,ৰাস্তা পাৰ হ ' বলৈ অপেক্ষা কৰি থকা এজন ব্যক্তি
483_1.wav,টেন ৰঙৰ ইটা খণ্ড দেৱাল
484_1.wav,এটা সৰু সংকেতথকা কাঠৰ ক্ৰছ
485_1.wav,কাৰ্টুন চৰিত্ৰৰ সৈতে এটা ঘড়ী
486_1.wav,মাটিত শিলাময় আৰু আয়তাকাৰ ছিদ্ৰ থকা ব্লক
487_1.wav,টেনিছ কোৰ্টত প্ৰাপ্তবয়স্ক
488_1.wav,কাউণ্টাৰটপত কাঠৰ খণ্ডএটাত চুৰি ।
489_1.wav,আনজন ব্যক্তিৰ ভৰি
480_1.wav,বৰফৰ খণ্ডত ফুল
491_1.wav,ষ্টোভৰ পিছফালে থকা কাঠৰ খণ্ডএটাত চুৰি ।
492_1.wav,এটা ৰঙা বাতৰি কাকতৰ ষ্টেণ্ড
493_1.wav,ক ' লা চালৰ সৈতে মুগা খণ্ড আৰু হোৱাইট হাউচ ।
494_1.wav,ৰেলখনে নিৰপেক্ষ বতৰত ভ্ৰমণ কৰি আছে
495_1.wav,বগা প্লেটত ফাষ্ট ফুড
496_1.wav,বায়ু সেনাৰ পতাকা
497_1.wav,কিছুমান পানীযুক্ত উদ্ভিদৰ গঠন
499_1.wav,শিলৰ খণ্ডত বহি থকা মহিলা
490_1.wav,খাদ্য ষ্টেণ্ডৰ বাবে আৱৰণ
501_1.wav,আদালতৰ নীলা দেৱাল
502_1.wav,এটা কাঠৰ নিশাৰ ষ্টেণ্ড ।
503_1.wav,দেৱালখন চিমেণ্ট ব্লক
504_1.wav,আদালতখন গাঢ় নীলা
505_1.wav,আদালতত মানুহৰ ক ' লা ছাঁ
506_1.wav,টেনিছ কোৰ্টত থিয় হৈ থকা মহিলাসকল
507_1.wav,এটা বক্ৰত এটা সংগীত ষ্টেণ্ড
508_1.wav,টেনিছ কোৰ্টৰ পৰা এটা অপতৃণ উঠিছে
509_1.wav,সামৰিক বিমানৰ নেজত এটা ক্ৰছ আছে ।
500_1.wav,সোঁফালৰ পৰা দ্বিতীয় ফাটা ভেড়া
51_1.wav,ৰঙা বাহনএখনত চীনা জাহাজ
52_1.wav,ব্লু টেনিছ কোৰ্ট এলেকা
53_1.wav,বাহিৰৰ চিমেণ্ট ব্লক ফ্লোৰিং ।
54_1.wav,চিহ্নত এছিয়ান বৰ্ণ থাকে
55_1.wav,টাৱাৰৰ ওপৰত এটা ক্ৰছ চিহ্ন
56_1.wav,মানুহজনে পাৰ হ ' বলৈ অপেক্ষা কৰি আছে
57_1.wav,এজন খেলুৱৈৰ জোতাত নখ
58_1.wav,এয়াৰপ্লেনৰ মডেল থকা এটা সংগ্ৰহালয়
59_1.wav,ফটো এখনত তাৰিখ আৰু সময় চীল
50_1.wav,ভৱনটোৰ বাহিৰত ডাঙৰ বৰ্গ গেটৰ সৈতে কিউব সদৃশ চিমেণ্ট ব্লক
511_1.wav,চাৰিআলি পাৰ হ ' বলৈ অপেক্ষা কৰি থকা দুজন চাইকেল আৰোহী
512_1.wav,নখৰ সৈতে দেৱালত অভিশাপ
513_1.wav,পাকঘৰৰ চিংকত কাঠৰ কছাৰীখণ্ড ।
514_1.wav,তিনিটা ক ' লা জাপানী চৰিত্ৰ
515_1.wav,কোণযুক্ত ষ্টেণ্ডত মাইক্ৰ ' ফোন
516_1.wav,খেলখেলুৱৈসকলৰ মুখত মনোযোগৰ চেহেৰা
517_1.wav,গাড়ীৰ সন্মুখত নীলা ক্ৰছ
518_1.wav,নীলা ৰং দিয়া ৰেলপ্লেটফৰ্মত ৰেখা পাৰ নহয়
519_1.wav,বাহিৰৰ কোৰ্টত টেনিছ খেল চলি আছে
510_1.wav,ষ্টোভত সৰু ডাইনিং প্ৰেছ
521_1.wav,চুৰিৰ কাঠৰ খণ্ড
522_1.wav,মুগা শিলৰ এটা খণ্ড ।
523_1.wav,হালধীয়া পৃষ্ঠভূমিত খেলুৱৈসকলৰ নাম
524_1.wav,বাকচ স্প্ৰিংৰ এটা অফ হোৱাইট ছেট
525_1.wav,বগা পৃষ্ঠভূমিত নীলা বৰ্ণ
526_1.wav,ষ্টেণ্ডত টিভি
527_1.wav,কোৰ্টত হালধীয়া বল ।
528_1.wav,বৈদ্যুতিক তাঁৰ ষ্টেণ্ড
529_1.wav,শিলেৰে নিৰ্মিত ক্ৰছ
520_1.wav,টেনিছ খেলি থকা টেনিছ কোৰ্টত দুজন মানুহ
221_1.wav,কাঠৰ খণ্ডত ক ' লা পাত্ৰ
222_1.wav,শাৰীত দ্বিতীয় চৰাই
223_1.wav,ইংৰাজী পতাকা মুদ্ৰিত ছাতি
224_1.wav,লৰা বাওঁ হাতত মোহৰ
225_1.wav,বৰফৰ খণ্ড ধৰি থকা ব্যক্তি
226_1.wav,ডাঙৰ সেউজীয়া আৰু বেঙুনীয়া টেনিছ কোৰ্ট
227_1.wav,খেলুৱৈসকলৰ ফটো তোলা এজন ব্যক্তি ।
228_1.wav,পিলি সময় আৰু তাৰিখৰ মোহৰ
229_1.wav,এক নিৰপেক্ষ বতৰৰ ডাৱৰ
220_1.wav,প্ৰদৰ্শনীত বতাহত ওলমি থকা কেইবাটাও মডেল
231_1.wav,টেনিছ খেলুৱৈসকলে হাত মিলাইছে
232_1.wav,খেৰৰ খণ্ড
233_1.wav,আদালতৰ পিছফালে এটা অট্টালিকা আছে
234_1.wav,মবাইল লেমোনেড ষ্টেণ্ডৰ গৰাকী
235_1.wav,দ্বিতীয় বেচমেনৰ পিছফালে মেৰু
236_1.wav,টেনিছ এটা পৃথক কৰা নেট
237_1.wav,সূক্ষ্ম চীনেৰে ভৰ্তি এখন মেজ ।
238_1.wav,বৰ্ণবোৰ ওপৰৰ শ্বেল্ফত থকা অবজেক্টবোৰত অংকন কৰা হৈছে
239_1.wav,ঘাঁহনিৰ খেজুৰ গছ
230_1.wav,কমলা তাৰিখ প্ৰিণ্ট
241_1.wav,খেলুৱৈসকলে তেওঁলোকৰ জোতাত ক্লিট পিন্ধি আছে
242_1.wav,সেউজীয়া জোপোহা যি পেডেষ্টেলৰ চাৰিওফালে এটা বৃত্ত গঠন কৰে
243_1.wav,পথচাৰীসকলৰ বাবে ক্ৰছৱাক
244_1.wav,এটা ফাল ইংৰাজীত আছে
245_1.wav,ষ্টেণ্ডত থকা পানীৰ বটল
246_1.wav,কীবোৰ্ডত দ্ৰুতগতিত টাইপ কৰা হাতৰ যোৰ
247_1.wav,নিৰ্মাণৰ দ্বিতীয় স্তৰ
248_1.wav,প্ৰথমৰ কান্ধৰ ওপৰেৰে চাই থকা দ্বিতীয় ব্যক্তি
249_1.wav,চৰাইবোৰ দ্ৰুতগতিত উৰি আছে
240_1.wav,মাটি যত বাইক থিয় হয়
251_1.wav,বিচনাৰ ওচৰত পোহৰ ৰখা
253_1.wav,এই আদালতখন সেউজীয়া
254_1.wav,মিশ্ৰিত মডেল আৰু সঁজুলিৰে ভৰ্তি এখন তালিকা
255_1.wav,গুহাটো তৰংগগঠন হয় ।
256_1.wav,বেচবল খেলুৱৈৰ হেলমেট
257_1.wav,গীৰ্জাৰ বাহিৰত এটা ডাঙৰ ক্ৰছ
258_1.wav,বেচবল কোৰ্টত বেৰ
259_1.wav,টেবুলত ডাঙৰ সেউজীয়া বেঞ্চ প্ৰেছ কৰক
250_1.wav,ছবিৰ কোণত সময় মোহৰ
261_1.wav,এটা বগা ৰেখা ক্ৰছ ৱাক ।
262_1.wav,কলা চিয়াহীত ম্যাদ উকলি যোৱা তাৰিখ
263_1.wav,বিচনাএখনৰ তলত বাকচ স্প্ৰিং
264_1.wav,ষ্টেণ্ডত বগা গ্ৰাফিটি
265_1.wav,মহিলাগৰাকীৰ পিছফালে অৱৰোধ কৰক
266_1.wav,দ্বিতীয় মহলাত গ্লাছ সুৰক্ষা ৰেল ।
267_1.wav,আদালতত বগা চিহ্ন
268_1.wav,ক্ৰছ ৱাক চিহ্নত বোল্ট
269_1.wav,এটা বগা ৰেখা পথাৰ পাৰ হৈ যাওক
260_1.wav,ৰেলইঞ্জিনৰ সৈতে সংলগ্ন দ্বিতীয় গাড়ী
271_1.wav,বৰফত স্কিইং কৰা দ্বিতীয় ব্যক্তি
272_1.wav,কিছুমান মানুহে ৰাস্তা পাৰ হবলৈ গৈ আছে
273_1.wav,ইংৰাজী আৰু পাৰ্চী ভাষাত থকা
274_1.wav,এটা ঘূৰণীয়া কাষৰ কাঠৰ খণ্ড
275_1.wav,কাঠৰ ষ্টেণ্ডত টেলিভিছন ছেট
276_1.wav,টেনিছ কোৰ্টত থিয় হৈ থকা চাৰিজন খেলুৱৈ
277_1.wav,টিভি ষ্টেণ্ডটো কলা আঙুঠিৰ
278_1.wav,ভাল চোকৰ খেলুৱৈৰ এটা দল ।
279_1.wav,ফেৰীয়ে এটা ক্ৰছ শ্বিল্ড ধৰি আছে
270_1.wav,আঁঠু ওখ মোজা পিন্ধা খেলুৱৈ
281_1.wav,খেলুৱৈসকলে ডাগআউটৰ পৰা চায়
282_1.wav,বেছবল অনুৰাগীৰে ভৰি থকা থিয় হওক
283_1.wav,মেকুৰীটোৱে দ্বিতীয় মেকুৰীটোলৈ চাই আছে ।
284_1.wav,ছাতি থকা মানুহবোৰে ৰাস্তা পাৰ হবলৈ অপেক্ষা কৰি আছে ।
285_1.wav,টেনিছ কোৰ্টৰ ৰঙা মাটি
286_1.wav,ঘড়ীৰ দ্বিতীয় হাত
287_1.wav,হেডষ্টোনৰ ওপৰেৰে সৰু ক্ৰছ
288_1.wav,হোৱাইট ক্ৰছ ৱাক ইন দা ষ্ট্ৰীট
289_1.wav,তলত জং খোৱা স্প্ৰিং
280_1.wav,ভৱনটোৰ ওপৰত এটা ক্ৰছ
291_1.wav,বেছবল খেলুৱৈৰ এটা গোট তেওঁলোকৰ পালাৰ বাবে অপেক্ষা কৰি আছে
292_1.wav,চিহ্নটো আৰবী আৰু ইংৰাজীত আছে
293_1.wav,ভেনিটি ফেয়াৰৰ এটা প্ৰতিলিপি প্ৰদৰ্শিত হয়
294_1.wav,শুলক হৈছে ইংৰাজী ডালাৰ
295_1.wav,এটা কলা দ্বিতীয় ফৰ্ক
296_1.wav,এটা ডাক টিকট ।
297_1.wav,টেনিছ কোৰ্টত বিজ্ঞাপন
298_1.wav,ফুটপাথত এটা ফলৰ ষ্টেণ্ড
299_1.wav,আকাশত লেজ থকা চিলাৰ যথেষ্ট ডাঙৰ সৈন্যবাহিনী
290_1.wav,ট্ৰাকত দুটা বগা চীনা চৰিত্ৰ আছে
301_1.wav,ছাদত ক্ৰছ থকা এটা গীৰ্জাৰ টাৱাৰ
302_1.wav,গ্লাছ কেক ষ্টেণ্ডৰ ঢাকনি
303_1.wav,বিৰোধী দলৰ সদস্যই শ্বুটাৰৰ শ্বট অৱৰোধ কৰিবলৈ চেষ্টা কৰি আছে
304_1.wav,ষ্টেণ্ডটো স্থিৰ
305_1.wav,এটা ৱাফেল প্ৰেছত বেটাৰ ঢালি দিয়া হৈছে
306_1.wav,টেনিছ কোৰ্টৰ পিছফালে কলা ধাতুৰ বেৰ
307_1.wav,গীৰ্জাৰ চালত পাৰ হওক
308_1.wav,মেৰুত ৰব
309_1.wav,আনগৰাকী যুৱতীয়ে কেপ্ৰি ষ্টাইলৰ জিন্স পিন্ধি আছে
300_1.wav,ষ্টেণ্ডত ওলমি থকা কল
31_1.wav,হোৱাইট স্প্ৰিংছ বাকচ আৰু গিয়াৰ ৰেলৰ ইঞ্জিনৰ তলত বহে
32_1.wav,ফটোত সময় আৰু তাৰিখৰ মোহৰ
33_1.wav,বেৰৰ ওপৰত হালধীয়া মেলা মেৰু
34_1.wav,ধূসৰ আৰু কমলা পিন্ধা বেছবল খেলুৱৈ
35_1.wav,চিটি চিহ্নৰ সৈতে বগা এছিয়ান চৰিত্ৰসমূহ
36_1.wav,টেনিছ কোৰ্টৰ বাবে চেইন লিংক বেষ্টনী
37_1.wav,কোঠাটোত থিয় হওক
38_1.wav,দ্বিতীয় মহলাত সোঁফালে থকা খিৰিকীখন ।
39_1.wav,ফটোগ্ৰাফৰ তাৰিখৰ মোহৰ
30_1.wav,দ্বিতীয় স্তৰত কাঠৰ ৰেলিং
311_1.wav,এঞ্জেলে ওপৰৰ পৰা ক্ৰছটো চাই আছে
312_1.wav,টিভি ষ্টেণ্ডত ব্লেক চেমচাং টিভি
313_1.wav,নিয়ন সেউজীয়াত সময় আৰু তাৰিখৰ মোহৰ
314_1.wav,এটা ফৰাচী প্ৰেছৰ নীলা হেণ্ডেল
315_1.wav,নাইটষ্টেণ্ডত এটা এলাৰ্ম ঘড়ী
316_1.wav,টিভি এটা অন হৈ আছে গাঢ় ৰঙৰ ষ্টেণ্ড ।
317_1.wav,মেৰুত দ্বিতীয় ট্ৰেফিক লাইট
318_1.wav,বোৰ্ডত পুৰণি ইংৰাজী লিখনি
319_1.wav,এইটো এটা কফি প্ৰেছ
310_1.wav,ব্লু টেনিছ কোৰ্ট
321_1.wav,ৰঙা আপেলৰ দ্বিতীয় ছেটটো সূৰ্যৰ ওপৰত ৰখা হয়
322_1.wav,ইংৰাজীত নহয় এটা চিহ্ন
323_1.wav,টিভি ষ্টেণ্ডত কলা ৰিমট
324_1.wav,লেপটপত উইণ্ডোচৰ মোহৰ ।
325_1.wav,টেবুলত ফৰাচী প্ৰেছ কফি মেকাৰ
326_1.wav,মাইক্ৰফোনৰ সৈতে ব্লেক ব্লেক ষ্টেণ্ড
327_1.wav,দীঘল টেইললাইটৰ সৈতে সৰু বগা ইংৰাজী কাৰ্ট
328_1.wav,বগা বিজ্ঞাপনৰ চিহ্নৰ সৈতে একুৱা প্ৰেছ ৱাল
329_1.wav,খেলপথাৰত ফুটবল খেলুৱৈ ।
320_1.wav,মাটিত সেউজীয়া ঘাঁহ ।
331_1.wav,বেঁকা টোৰ চাৰিওফালে দ্ৰুতগতিত আহি আছে
332_1.wav,টেনিছ কোৰ্টৰ চাৰিওফালে নীলা সীমা
333_1.wav,চিয়াহী ষ্টাম্প প্ৰিন্ট
334_1.wav,এছিয়ান বৰ্ণৰ সৈতে পিলি ষ্টিকাৰ
335_1.wav,মটৰচাইকেলত দ্বিতীয় আসন
336_1.wav,এটা ঘাঁহনিত চাৰিগৰাকী মহিলা ফুটবল খেলুৱৈ
337_1.wav,লেবেলত প্ৰিণ্ট কৰা তাৰিখ
338_1.wav,গ্ৰাছ টেনিছ কোৰ্ট
339_1.wav,ট্ৰাকত ৰঙীন স্প্ৰিংছ
330_1.wav,টেনিছ কোৰ্টত নেটৰ ওপৰৰ অংশ
341_1.wav,মেকুৰীৰ বন্ধ চকুৱে এটা ঠেক ফাট তৈয়াৰ কৰিছে
342_1.wav,আদালতৰ দ্বাৰা ন্যায়াধীশৰ চকী
343_1.wav,হালধীয়া ৰঙৰ কাষত এখন বগা চাৰ্ফবৰ্ড থিয় হৈ আছে
344_1.wav,সূক্ষ্ম মিঠা চকলেটৰ এটা স্তৰ
345_1.wav,ৱাটাৰমাৰ্ক এটা খণ্ড ফন্ট
346_1.wav,আন হাতৰ ওপৰত ৰঙা ছেকেণ্ড হেণ্ড
347_1.wav,থুঁতৰিৰ ওপৰত দীঘল মিহি চুলি
348_1.wav,টেনিছ কোৰ্টত অঁকা এটা বগা ৰেখা
349_1.wav,এটা ৰেড ক্ৰছ ডিকেল
340_1.wav,হোৱাইট চিমেণ্ট ব্লক ৱাল
351_1.wav,সামৰিক বিমানখনৰ নাক তীক্ষ্ণ আৰু তীক্ষ্ণ
352_1.wav,শিল্পীৰ তাৰিখ
353_1.wav,ডেস্কত প্ৰপত্ৰৰ কিতাপ
354_1.wav,চিলভাৰ ফ্ৰেঞ্চ প্ৰেছ কফি মেকাৰ
355_1.wav,ফটোত কমলা তাৰিখৰ মোহৰ
356_1.wav,আদালতৰ পিছফালে মহিলা
357_1.wav,ফটো তাৰিখ
358_1.wav,আদালতত ধূসৰ ৰং
359_1.wav,টিভিত সৰু মডেলৰ নাও
350_1.wav,দ্বিতীয় মহলাত এটা নীলা আৱৰ্জনাৰ পাত্ৰ ।
361_1.wav,কাঠৰ কোৰ্ট ৰঙৰ মজিয়াত ৰঙা ৰং দিয়া ৰেখা
362_1.wav,বগা পৃষ্ঠভূমিৰ সৈতে ৰেড ক্ৰছ
363_1.wav,পাতল নীলা ইউনিফৰ্ম পিন্ধা ফুটবল খেলুৱৈ
364_1.wav,গাড়ীখন দ্ৰুতগতিত চলি আছে
365_1.wav,এটা সৰু গাঢ় মুগা নিশাৰ ষ্টেণ্ড
366_1.wav,ইংৰাজী নথকা ভাষাএটাত এটা চিহ্ন
367_1.wav,চিলভাৰ আৰু কেলে ৰঙৰ ফৰাচী প্ৰেছ কফি পট
368_1.wav,আদালতত সেউজীয়া বিচাৰপীঠ
369_1.wav,এটা সুন্দৰ শৃংখলাত পেণ্ডেণ্ট
360_1.wav,গ্লাছ ব্লক গোপনীয়তা দেৱাল
541_1.wav,বেছবল খেলুৱৈসকলে অটোগ্ৰাফ কৰিছে
542_1.wav,ভাল ধাতু সুৰক্ষা জাল
543_1.wav,দৰ্শকে এখন সংবাদমেলৰ সাক্ষী হয়
544_1.wav,দলৰ ডাগআউটত থকা খেলুৱৈসকল
545_1.wav,খেলুৱৈসকলৰ হাতত বগা ফ্ৰিছবি
546_1.wav,সময় আৰু তাৰিখৰ মোহৰ
547_1.wav,এটা টিভি ষ্টেণ্ড
548_1.wav,বাওঁফালে মিটাৰত টাইম ষ্টেম্প প্ৰদৰ্শন উইণ্ডো ।
549_1.wav,চুৰিৰ এটা কাঠৰ খণ্ড
540_1.wav,টেনিছ কোৰ্টৰ মজিয়া নীলা
551_1.wav,এয়া চীনা চৰিত্ৰসমূহৰ ছবি
552_1.wav,দ্ৰুত চুপাৰ জেট আকাশত গতি শীল
553_1.wav,খেলুৱৈসকল আগবাঢ়ি আছে
554_1.wav,পৃষ্ঠভূমিত থকা দুজন ল ' ৰাই খেলুৱৈসকলৰ গতিবিধি লক্ষ্য কৰি আছে
555_1.wav,মমবাতিৰ ষ্টেণ্ডত ধাতুৰ বক্ৰ ভৰি
556_1.wav,বেটাৰৰ ফালে চাই থকা দুজন খেলুৱৈ
557_1.wav,বিমানৰ নাকত সূক্ষ্ম বগা স্প্ৰে
558_1.wav,ব্ৰাউন টেনিছ কোৰ্টৰ মজিয়া
559_1.wav,গীৰ্জাৰ শীৰ্ষত ক্ৰছ
550_1.wav,দ্বিতীয় গন্তব্যস্থানৰ ৰেলিং
561_1.wav,ব্লিছ চিটিৰ পশ্চিম খণ্ডৰ বাবে এটা চিহ্ন ।
562_1.wav,প্ৰতিপক্ষক অৱৰোধ কৰিবলৈ চেষ্টা কৰি আছে
563_1.wav,ষ্টেণ্ডত লেপটপ
564_1.wav,টেবুলত বহি থকা কাঠৰ খণ্ড এটা
565_1.wav,টেনিছ কোৰ্টৰ অংশ সেউজীয়া ।
566_1.wav,কাষত বহি কমলা আৰু বগা ৰঙৰ দুজন খেলুৱৈ
567_1.wav,ফটোৰ তাৰিখৰ মোহৰ
568_1.wav,লেম্প ষ্টেণ্ডৰ এটা খুটা
569_1.wav,দ্বিতীয় মহলাৰ দুৱাৰখন মুগা
560_1.wav,স্বত্বাধিকাৰ আৰু তাৰিখ
571_1.wav,দ্বিতীয় সোণৰ ঘোঁৰা
572_1.wav,মধ্যমাত এটা সৰু ধূসৰ খণ্ড
573_1.wav,টেনিছ কোৰ্টত মহিলা
574_1.wav,নীলা ভৱনৰ শীৰ্ষত ৰঙা চৰিত্ৰসমূহ
575_1.wav,এটা সুন্দৰ আইল প্ৰকাৰৰ চুৱেটাৰ কলাৰ সজ্জা
576_1.wav,মহিলাগৰাকীয়ে ডিঙিত ক্ৰছ পিন্ধি আছে
577_1.wav,এটা ৰঙীন প্ৰদৰ্শন পোহৰযুক্ত বৰ্ণ
578_1.wav,দ্বিতীয় ৰেল
579_1.wav,খেলুৱৈৰ বাহু দলিয়াবলৈ সাজু
570_1.wav,দ্বিতীয়টো হ ' ল বগা ট্ৰাকৰ সন্মুখৰ চকা ।
581_1.wav,দূৰদৰ্শনত দুটা চৰিত্ৰ
582_1.wav,টেনিছ কোৰ্টৰ চাৰিওফালে নীলা জাল
583_1.wav,ৱান ব্লক ফুটপাথ
584_1.wav,ষ্টেণ্ডত এটা কমলা বটল
585_1.wav,দ্বিতীয় ৰেকৰ আইটেমসমূহ
586_1.wav,তামৰ ধূসৰ মাহীন বালি
587_1.wav,আদালতৰ পিছফালে বেৰ
588_1.wav,ষ্টেণ্ডত পাঁচটা গ্লাছ ফুলদানি
589_1.wav,ৰাস্তাৰ মাজত অংকিত বগা এছিয়ান ভাষাৰ চৰিত্ৰসমূহ
580_1.wav,কোণত তাৰিখ আৰু সময়মোহৰ
591_1.wav,কোণত বগা দ্ৰুত লোগো
592_1.wav,এটা ডাঙৰ কংক্ৰিট খণ্ড
593_1.wav,দ্বিতীয় আধাৰত এজন খেলুৱৈ
594_1.wav,কেকৰ ওপৰত ফণ্ডেণ্টেৰে নিৰ্মিত চৰিত্ৰ
595_1.wav,এটা সংকেতত ধূসৰ বৰ্ণসমূহ
596_1.wav,চীনাবাদামৰ চৰিত্ৰৰ সৈতে ৰঙা টাই
597_1.wav,"পাউত "" ইয়াত টিপক "" ষ্টিকাৰসমূহ"
598_1.wav,"চিৰিয়াখানাত এটা চিহ্ন , কাতালান - স্পেনিছ - ইংৰাজীত লিখা"
599_1.wav,"বগা আখৰ আৰু সংখ্যা , তাৰিখ আৰু ফটোগ্ৰাফাৰ সূচিত কৰা ।"
590_1.wav,বাওঁফালৰ পৰা দ্বিতীয় কাৰ্ড
601_1.wav,দ্বিতীয় স্তৰত উইন্ডো
602_1.wav,হালধীয়া তাৰিখ আৰু সময়ৰ টিকট
603_1.wav,খেলপথাৰত বেছবল খেলি থকা খেলুৱৈসকল
604_1.wav,কোঠাত এটা দ্বিতীয় দিনৰ
605_1.wav,গ্ৰাফিটিৰ অস্পষ্ট শব্দৰ তলৰ বগা দেৱালত বহুতো কিক + গ্ৰেব চিহ্ন
606_1.wav,গ্ৰাফিটিৰ অস্পষ্ট শব্দৰ তলত বগা দেৱালত বহুতো কিক + গ্ৰেব চিহ্ন
607_1.wav,মানুহে মেলাত উপভোগ কৰি আছে
608_1.wav,ফলৰ ষ্টেণ্ডত কল আৰু কমলা
609_1.wav,চকাত এটা সৰু ডাইনিং ষ্টেণ্ড ।
600_1.wav,দ্বিতীয় স্তৰত উইন্ডো
61_1.wav,লিখিত বৰ্ণৰ সৈতে এটা কমলা চিহ্ন
62_1.wav,বেছবল খেলুৱৈসকল পৃষ্ঠভূমিত আছে
63_1.wav,বাতৰি কাকতৰ ষ্টেণ্ডবোৰ ঘাঁহৰ ওপৰত আছে
64_1.wav,বেঙুনীয়া স্ফটিক স্লিভলেছ গাউন পিন্ধা যুৱ মহিলাৰ তাৰিখ
65_1.wav,পাৰ হ বলৈ অপেক্ষা কৰি থকা দুজন মানুহ
66_1.wav,দ্বিতীয় ৰেলখনৰ কাষ
67_1.wav,চৰাইটো গছৰ ডালত থিয় হৈ আছে
68_1.wav,উলম্ব ষ্টেবিলাইজাৰত এটা কলা ক্ৰছ
69_1.wav,এটা সেউজীয়া টেনিছ কোৰ্ট
60_1.wav,চিহ্নত চীনা আখৰ
611_1.wav,ডাগআউটত বহি থকা বেছবল খেলুৱৈসকল
612_1.wav,ডাগআউটত বহি থকা বেছবল খেলুৱৈসকল
613_1.wav,কাঠৰ খণ্ডত আখৰ
614_1.wav,এটা কাষত প্ৰদান কৰা তাৰিখৰ মোহৰ
615_1.wav,বগা দ্বিতীয় কাহিনীৰ বাৰাণ্ডা
616_1.wav,আদালতৰ কাষত এখন দুৱাৰ
617_1.wav,আদালতৰ এটা দুৱাৰ
618_1.wav,খণ্ডটোৰ অৱস্থান নিৰ্ধাৰণ কৰা এটা খণ্ড
619_1.wav,মুগা মেকুৰী এটা ষ্টেণ্ড
610_1.wav,গোল্ড ৰিমৰ সৈতে মাহিন চাইনা প্লেট
621_1.wav,অ - ইংৰাজী ভাষাৰ বৰ্ণৰ সৈতে ৰঙা আৰু বগা ষ্টপ চিহ্ন
622_1.wav,খেলুৱৈসকলৰ ভৰিত শিন সুৰক্ষিত কৰা
623_1.wav,কোৰ্টত থিয় হৈ থকা এজন টেনিছ খেলুৱৈ
624_1.wav,পাৰ হ ' বলৈ অপেক্ষা কৰি থকা মহিলাসকল
625_1.wav,ৰং কৰা বগা সীমা ৰেখাৰ সৈতে নীলা টেনিছ কোৰ্ট
626_1.wav,মাহিন ৰেখাৰ সৈতে বগা এছফাল্ট
627_1.wav,ফটো তোলাতাৰিখ
628_1.wav,প্লেটত পনীৰ ব্লক
629_1.wav,তেওঁলোক দুয়োটেনিছ কোৰ্টত খেলি আছে ।
620_1.wav,এখন ৰেল অতি দ্ৰুতগতিত গৈ আছে
631_1.wav,এটা ক্ৰছ ষ্ট্ৰীট চিহ্ন
632_1.wav,তেওঁলোকৰ আদালতৰ ওপৰেৰে জাল
633_1.wav,গিয়াৰ স্প্ৰিংছ ষ্ট্ৰীট চিহ্ন
634_1.wav,টেনিছ কোৰ্টত খোজ কাঢ়ি থকা দম্পতী ল ' ৰা
635_1.wav,এখন দেৱালত ওলমি থকা কাঠৰ ক্ৰছ
636_1.wav,দলং সমৰ্থনৰ বাবে ক্ৰছ গাঁথনি
637_1.wav,টেনিছ কোৰ্টত থিয় হৈ থকা লৰা
638_1.wav,কলৰ আকৃতিৰ হালধীয়া কলৰ ষ্টেণ্ড
639_1.wav,তাৰিখৰ তলৰ ব্যক্তি
630_1.wav,টেনিছ কোৰ্টত এৰি যায়
641_1.wav,মানুহজনে স্কেটবৰ্ডত থিয় হয়
642_1.wav,দ্বিতীয় বাছখনৰ সন্মুখৰ চকা ।
643_1.wav,কফি ষ্টেণ্ডত উদ্ভট ভাস্কৰ্য
644_1.wav,ডাঙৰ চিমেণ্ট খণ্ড
645_1.wav,এই ষ্টেণ্ডটো হালধীয়া ৰঙৰ
646_1.wav,দৃশ্যৰ তাৰিখৰ মোহৰ
647_1.wav,প্ৰপেলাৰবোৰ চাবলৈ অতি দ্ৰুত ।
648_1.wav,"এটা খণ্ড , হালধীয়া , আৰু বগা বেছবল ইউনিফৰ্ম"
649_1.wav,"খেলুৱৈৰ জোতা কলা , ৰঙা আৰু বগা"
640_1.wav,হোৱাইট লাইনৰ সৈতে সেউজীয়া টেনিছ কোৰ্ট
661_1.wav,এটা মেনুৱেল প্ৰেছ মেচিন
662_1.wav,ডিচপ্লে ষ্টেণ্ডত দীঘল ক ' লা পাইপ
663_1.wav,পুৰুষ ক্ৰছ কাণ্ট্ৰী স্কিয়াৰ
664_1.wav,টেবুলত বিমানৰ মডেল
665_1.wav,মানুহে ক্ৰছ কাণ্ট্ৰী স্কিয়িং ।
666_1.wav,চিহ্নটোত বগা বৰ্ণ আছে
667_1.wav,ফটোত ৰঙা সময়ৰ মোহৰ
668_1.wav,টেনিছ কোৰ্টত থিয় হৈ থকা সৰু ছোৱালীজনী
669_1.wav,দৌৰৰ সময়ত মানুহে কাণ্ট্ৰী স্কিয়িং পাৰ কৰে
660_1.wav,মনিটৰৰ তলত ষ্টেণ্ড মনিটৰ কৰক
671_1.wav,আনটো শ্বেল্ফত চেণ্ডউইচ ।
672_1.wav,ইংৰাজী মাফিন বোৰ ৰন্ধা হয়
673_1.wav,দ্বিতীয় ৰেলখনৰ হালধীয়া সন্মুখ
674_1.wav,মটৰচাইকেলত উপস্থাপন কৰা মডেলসমূহ
675_1.wav,এই মুক্ত - বায়ু ষ্টেণ্ড জামাইকাত অনুষ্ঠিত হয়
676_1.wav,নিয়ন্ত্ৰকৰ বাবে স্পষ্ট স্থিতি
677_1.wav,ক ' লা সশস্ত্ৰ বাহিনীৰ নাম উইং
678_1.wav,দ্বিতীয় আধাৰটো পোনপটীয়াকৈ কলহৰ পিছফালে পোৱা গৈছে
679_1.wav,এটা টাৱাৰত এটা ক্ৰছ ।
670_1.wav,মাটিত লাগি থকা চিমেণ্টৰ ৰূপ ।
681_1.wav,দুটা ঘোঁৰা পৰ্বতৰ ওপৰত থিয় হৈ আছে
682_1.wav,বক্ৰ পেনেলত কেন্দ্ৰীভূত ক্ৰছ
683_1.wav,ৰাস্তাত বগা ফিটা বোৰ পথচাৰীক্ৰছ ৱাক
684_1.wav,বিচনাৰ বাকচ স্প্ৰিং ।
685_1.wav,আদালতৰ কাষত থকা পানীৰ বটলটো ।
686_1.wav,পানীৰ ওপৰত এটা সৰু ঢৌ সৃষ্টি হয় ।
687_1.wav,এহাল দম্পতীৰ ক্ৰছ কাণ্ট্ৰী স্কিয়িংৰ এটা দিনৰ ছবি
688_1.wav,অতি দ্ৰুত গতিত চলাচল কৰা গাড়ীবোৰ
689_1.wav,চহৰৰ খণ্ডত এটা গছ
680_1.wav,ফাষ্ট ফুড চেইন ড্ৰাইভত তোলা ছবি
691_1.wav,ষ্টেণ্ডত কম্পিউটাৰ মনিটৰ
692_1.wav,ক্ৰছ - কাণ্ট্ৰি স্কি দৌৰত গছত বৰফ
693_1.wav,ৰেলখনৰ দ্বিতীয় ইঞ্জিন
694_1.wav,এটা ক ' লা সংগীত ষ্টেণ্ড
695_1.wav,আদালতৰ ফালে চকী আৰু মেজ
696_1.wav,বেচবল বতাহত দ্ৰুতগতিত ভ্ৰমণ কৰি আছে
697_1.wav,ফাষ্ট ফুড চডা কাপ
698_1.wav,এটা পুৰণি কাঠৰ ষ্টেণ্ড শ্বেড
699_1.wav,খেলুৱৈসকলৰ হাতত ৰঙা
690_1.wav,এটা চিমেণ্ট ব্লক দেৱাল
701_1.wav,ঘড়ীত দ্বিতীয় হাত
702_1.wav,আদালতত চাৰিজন মানুহ
703_1.wav,মানুহজনৰ পিছফালে এটা খণ্ড দেৱাল
704_1.wav,চাৰিআলিত খোজ কাঢ়ি থকা
705_1.wav,বিগ টেনিছ কোৰ্ট
706_1.wav,শিশুটো মজিয়াত ক্ৰছ - লেগ বহি আছিল
707_1.wav,টেনিছ কোৰ্টত থিয় হৈ থকা মানুহজন
708_1.wav,হালধীয়া সময় তাৰিখৰ মোহৰ
709_1.wav,আদালতলৈ টাৰ্ণষ্টাইল প্ৰৱেশ
700_1.wav,চিংকৰ কাষত এটা ষ্টেণ্ড
71_1.wav,আনখন বাছত এটা নীলা চিহ্ন আছে
72_1.wav,এইটো এক প্ৰকাৰৰ ন্যায্য ।
73_1.wav,বিভিন্ন ফোন মডেলৰ প্ৰদৰ্শন
74_1.wav,আদালতত মাইক্ৰ ফোন
75_1.wav,হেণ্ড ষ্টেণ্ড কৰা ব্যক্তি
76_1.wav,আছানা স্প্ৰিংছ
77_1.wav,আদালতৰ দেৱালৰ পৰা বিস্তাৰিত এটা ডাঙৰ পাইপ ।
78_1.wav,দ্ৰুত পানীত দ্ৰুত
79_1.wav,এটা শিলখণ্ড ৰেল প্লেটফৰ্ম
70_1.wav,দুয়োটা বৰষুণৰ মডেলত নিৰপেক্ষ মেকআপ
711_1.wav,বালিৰে ভৰ্তি নীলা ছাতিৰ খুটা
712_1.wav,নীলা কাঠৰ লাইফ গাৰ্ড ষ্টেণ্ড
713_1.wav,হাতমোজা খেলুৱৈসকলৰ পকেটত আছে
714_1.wav,ষ্টেণ্ডত আসন
715_1.wav,খেলুৱৈৰ হাতমোজা ক ' লা
716_1.wav,ইংৰাজী চেডলৰ সৈতে এটা মুগা ঘোঁৰা
717_1.wav,কেনভাচ ষ্টেণ্ডত আছে
718_1.wav,ষ্টেণ্ডত এটা কেমেৰা
719_1.wav,টেনিছ কোৰ্টৰ নেট
710_1.wav,পিঠিত কাউবয় ৰখা ঘোঁৰাদ্ৰুতগতিত দৌৰি আছে
721_1.wav,গ্ৰিল প্ৰেছ
722_1.wav,টাৱাৰ ষ্টিপলত ক্ৰছ কৰক
723_1.wav,পেঞ্চিল বাকচত কালিৰ মোহৰ
724_1.wav,নাইট ষ্টেণ্ডত সৰু টেবুল লেম্প
725_1.wav,শৰীৰৰ চাৰিওফালে বক্ৰ ৰূপৰ শৃংখলা
726_1.wav,কাঠৰ খণ্ডত এটা ঘড়ী
727_1.wav,এটা ডাকটিকটৰ কাষ
728_1.wav,ঘাঁহনিত ভৰি দুখন মেলি বহি থকা এজন মানুহ
729_1.wav,দ্বিতীয় মেকুৰীৰ সোঁ কাণ
720_1.wav,ফলৰ ষ্টেণ্ডত বহি থকা মানুহজন
731_1.wav,এজন মটৰচাইকেল চালকে অতি দ্ৰুতগতিত গাড়ী চলাই আছে
732_1.wav,এজন বেছবল খেলুৱৈয়ে বেটিং কৰে
733_1.wav,এজন ৰেপাৰৰ ওপৰত আন এটা চেণ্ডউইচ ।
734_1.wav,ইয়াত এটা ৰঙা ট্ৰিম আছে আৰু ইয়াত এটা ক্ৰছ আছে
735_1.wav,দ্বিতীয় কাহিনীৰ বাৰান্দাত এটা ৰেলিং
736_1.wav,দুজন ফুটবল খেলুৱৈ
737_1.wav,বিল্ডিং গাঁথনিৰ ওপৰত ক্ৰছ
738_1.wav,ৰাস্তা পাৰ হ ' বলৈ অপেক্ষা কৰি থকা লোকসকল
739_1.wav,সংকেতত আখৰসমূহ
730_1.wav,এটা সূক্ষ্ম ব্ৰিষ্টেড ৰিট্ৰেক্টেবল ব্ৰাছ
741_1.wav,বস্তুটোৰ ওপৰত সূক্ষ্ম শিলালিপি
742_1.wav,চৰিত্ৰসমূহ চীনা ভাষাত পোষ্ট কৰা হয়
743_1.wav,পেনাল্টি কিকৰ বাবে সাজু হোৱা মানুহজন
744_1.wav,মজিয়াত ৰঙা ক্ৰছ এটা গঠন কৰে ।
745_1.wav,বহুতো তাঁৰে ওপৰৰ ফালে ক্ৰিছ - ক্ৰছ কৰে
746_1.wav,এইটো এটা বিজ্ঞান মেলাত হ ' ব পাৰে ।
747_1.wav,ৰস তৈয়াৰ কৰিবলৈ হাত টিপিব পৰা ব্যক্তিজন
748_1.wav,ছবিখন তাৰিখত মোহৰ লগোৱা হৈছে
749_1.wav,ঘড়ীৰ মুখৰ তলত এটা তাৰিখ
740_1.wav,তলৰ ফালে অংকিত এছিয়ান চৰিত্ৰৰ সৈতে এটা স্কেটবৰ্ড
751_1.wav,ট্ৰেকৰ সৈতে দ্ৰুত গতিত চলি থকা ট্ৰেইন
752_1.wav,বগা ইউনিফৰ্ম পিন্ধা তিনিজন বেছবল খেলুৱৈ পৃষ্ঠভূমিত আছে ।
753_1.wav,কোৰ্টৰ সেউজীয়া ৰঙৰ শাখাত টেনিছ খেলুৱৈ
754_1.wav,অতি দ্ৰুত ঘূৰ্ণন কৰা
755_1.wav,টেনিছ কোৰ্টৰ ফান্দে কোৰ্টক বিভক্ত কৰে
756_1.wav,কোৰ্টত 4 জন খেলুৱৈ
757_1.wav,ফুলদানিৰ ওপৰত চীনা চৰিত্ৰসমূহ
758_1.wav,ক্ৰাম্বলি ইংৰাজী মাফিন ব্ৰেড
759_1.wav,তথ্যৰ সৈতে এটা ষ্টেণ্ড
750_1.wav,ফ্ৰীজাৰৰ তলত অসম্পূৰ্ণ কাঠৰ খণ্ড
761_1.wav,বাছৰ দ্বিতীয় স্তৰত সোঁ ফালৰ খিৰিকী ।
762_1.wav,এছিয়ান চৰিত্ৰবোৰ ৰঙা
763_1.wav,পাহাৰৰ শীৰ্ষত ব্লক টাৱাৰ
764_1.wav,খেলুৱৈসকলৰ হাতত ক ' লা বেছবল মাইট
765_1.wav,টাইত হালধীয়া ক্ৰছ
766_1.wav,পাঁচজন বেছবল খেলুৱৈ
767_1.wav,দূৰত্বত ডাঙৰ তাৰিখৰ হাতৰ তলুৱা
768_1.wav,কাউণ্টি মেলাত গৰু ৰখা হৈছিল
769_1.wav,আমেৰিকা যুক্তৰাষ্ট্ৰৰ সেনাৰ বাবে সশস্ত্ৰ বাহিনীয়ে পেচ চিনাক্ত কৰিছে
760_1.wav,আদালতৰ দেৱালত বিজ্ঞাপন
771_1.wav,এটা ইনড ' ৰ টেনিছ কোৰ্ট ।
772_1.wav,প্লেটৰ কাষত থকা আখৰসমূহ
773_1.wav,যথেষ্ট ফল আৰু পাচলিৰ সৈতে এটা ফলৰ ষ্টেণ্ড
774_1.wav,"ৰঙা , বগা আৰু নীলা ট্ৰাক মেলাত আছে"
775_1.wav,হালধীয়া তাৰিখ ৰখা মোহৰ
776_1.wav,আদালতৰ টাৰ্প
777_1.wav,কোৰ্ট লাইট
778_1.wav,চেইন লিংক প্লেয়াৰ ফেঞ্চৰ পিছফালে থিয় হৈ আছে
779_1.wav,কোণত তাৰিখৰ মোহৰ
770_1.wav,টেনিছ কোৰ্ট দুটা বেলেগ বেলেগ ৰঙৰ ।
781_1.wav,পেইণ্টিঙৰ বাবে ইজেল ষ্টেণ্ড
782_1.wav,পানীনি প্ৰেছৰ বাবে মালিকৰ মেনুৱেল
783_1.wav,কুকুৰে পানীত ছিটিকি পৰে
784_1.wav,ক্ৰছ বাৰৰ তলত দুটা দীঘল আৰু ঠেক পেন
785_1.wav,দ্বিতীয় মহলাত দুবাৰ ৰঙা দুৱাৰ
786_1.wav,দ্বিতীয় বাছৰ আংশিক দৃশ্য
787_1.wav,দ্বিতীয় মহলাত বগা দুৱাৰ
788_1.wav,এটা ৰোমান্টিক সাক্ষাতৰ নিশা
789_1.wav,চুৰিৰে কাউণ্টাৰত বহি থকা ছুৰী খণ্ড
780_1.wav,এটা গীৰ্জাত এটা ক্ৰছ
791_1.wav,আদালতৰ আঙুঠিৰ ওচৰত বেঁকা চিৰি
792_1.wav,বাছএখনৰ কাষত চীনা চৰিত্ৰসমূহ
793_1.wav,ব্লু টেনিছ কোৰ্ট
794_1.wav,এই ব্যক্তিজনে ৰাস্তা পাৰ হ ' বলৈ অপেক্ষা কৰি আছে
795_1.wav,পোষ্টৰ বাবে খণ্ড
796_1.wav,টেনিছ কোৰ্টত টেন পত্ৰ
797_1.wav,এই লাইচেঞ্চ প্লেটত অ - ইংৰাজী বৰ্ণ আছে
798_1.wav,খেলুৱৈসকলৰ ইউনিফৰ্ম ক ' লা আৰু সোণৰ ৰঙৰ
799_1.wav,"ৱাটাৰমাৰ্ক , কপিৰাইট তাৰিখ দেখুওৱা ।"
790_1.wav,অট্টালিকাৰ এটা খণ্ড
801_1.wav,এটা ষ্টেণ্ডত টিভি
802_1.wav,ব্লকৰ কাষত ঘাঁহ বাঢ়ে
803_1.wav,ষ্টেণ্ডত এখন কাগজৰ টাৱেল ৰল
804_1.wav,গদিৰ তলত বগা স্প্ৰিং
805_1.wav,আদালতৰ পিছফালে ইটাৰ বেৰ
806_1.wav,ষ্টেণ্ডএটাত কণীৰ আকৃতিৰ বস্তু
807_1.wav,কোৰ্টত টেনিছ বলৰ ছাঁ
808_1.wav,লিটলিয়া ফটোগ্ৰাফাৰৰ টিকট
809_1.wav,ছবিৰ মোহৰ লগোৱা তাৰিখ
800_1.wav,ফটোগ্ৰাফাৰ আৰু চীনা চৰিত্ৰৰ নাম আৰু ৱেবছাইট
81_1.wav,ৰেলখনৰ তলত অৰেঞ্জ স্প্ৰিংছ
82_1.wav,এটা দ্ৰুত গতিত বৈ অহা নদী
83_1.wav,বিভিন্ন প্ৰকাৰৰ ৰাজহুৱা পৰিবহনৰ বাবে আলোকিত চিহ্ন
84_1.wav,দ্বিতীয় মহলাত তিনিখন খিৰিকী
85_1.wav,এটা গাঢ় নীলা চেডান দ্ৰুতগতিত আগবাঢ়ি আছে
86_1.wav,জেব্ৰাবোৰ চিকাৰী চাবলৈ একেলগে থিয় হয়
87_1.wav,গেটেড ষ্ট্ৰীট ফেয়াৰ
88_1.wav,চাৰ্ফবৰ্ডে পানীৰ ছিটা দিয়ে
89_1.wav,কাগজৰ ত্ৰিভুজ ষ্টেণ্ড
80_1.wav,এখন কিতাপ নাইট ষ্টেণ্ডত আছে
811_1.wav,মেলাত মানুহৰ ওপৰত স্বাক্ষৰ কৰক
812_1.wav,পোন উৎকৃষ্ট ক ' লা চুলি
813_1.wav,ইংৰাজী চেডলথকা ঘোঁৰা
814_1.wav,কেঁচুৱাটোৰ চুলি অতি সূক্ষ্ম
815_1.wav,পেলিকানে ভৰিৰে তৰংগ গঠন কৰে
816_1.wav,দ্বিতীয় কাহিনীৰ দোকানএখনত এখন খিৰিকী ।
817_1.wav,বৰফত সেউজীয়া থিয় হৈ আছে ।
818_1.wav,চেল ফোন ডিচপ্লে মডেল
819_1.wav,ক ' লা চীনা বৰ্ণ আৰু বগা চিহ্ন
810_1.wav,তাৰিখ ক ' লা ৰখা
821_1.wav,টেনিছ কোৰ্টত বগা চিহ্ন
822_1.wav,কেঁচুৱা মিহি পাতল মুগা চুলি ।
823_1.wav,খেলুৱৈসকলে বেৰৰ ওপৰত হেলান দিয়ে
824_1.wav,তলৰ দ্বিতীয় চুটকেচটো কমলা
825_1.wav,কেঁচুৱাক থিয় হোৱাত সহায় কৰা পুৰুষ
826_1.wav,অত্যন্ত দ্ৰুত বুলেট ট্ৰেইন
827_1.wav,খেলুৱৈৰ টুপীৰ সন্মুখত অৰিঅ ' ল
828_1.wav,টেনিছ কোৰ্টত নেট
829_1.wav,দ্বিতীয় খন গাড়ী ৰাস্তাত ৰখাই থোৱা হৈছে
820_1.wav,টেনিছ কোৰ্টত মানুহজনৰ ছাঁ
841_1.wav,কংক্ৰিট বা চিণ্ডাৰ ব্লক ৱাল
842_1.wav,টিভি ষ্টেণ্ড কাঠেৰে নিৰ্মিত
843_1.wav,মডেল ডিলাৰ ওঁঠ
844_1.wav,প্ৰথম আধাৰত তিনিজন বেছবল খেলুৱৈ
845_1.wav,ক ' লা কছাৰী চুৰিৰ খণ্ড
846_1.wav,ইংৰাজী আৰু চীনা ভাষাত চিহ্ন দেখুৱাইছে
847_1.wav,ৰাতিৰ চাকি বিচনাখনৰ বাওঁফালে থিয় হয়
848_1.wav,মাৰ্চ তাৰিখৰ মোহৰ
849_1.wav,ইংৰাজীত লিখা কোকা কোলা আন্তৰ্জাতিক
840_1.wav,ইল্ড ষ্টেণ্ডৰ সন্মুখত ফুটপাথ
851_1.wav,ৰাস্তাত চাইকেলৰ মোহৰ
852_1.wav,দ্বিতীয় মহলা উইন্ডোত নিয়ন চিহ্ন
853_1.wav,দুয়োজন ডেটত আছে
854_1.wav,ইংৰাজীৰ বাহিৰে আন এটা ভাষাত মেকডনাল্ডৰ বিজ্ঞাপন
855_1.wav,ষ্টেণ্ডত টাৱেলৰ ৰোল
856_1.wav,সুবিধাবাদী অপতৃণৰ বহুতো গৌৰৱময় ৰূপ
857_1.wav,ভালদৰে খোৱা শিশু
858_1.wav,বেৰৰ তলৰ আধা খণ্ড
859_1.wav,এটা চপিং ব্লকৰ ওপৰত জেলি জাৰ
850_1.wav,বগা উলম্ব মিছা চিহ্নথকা ক ' লা এছিয়ান বৰ্ণসমূহ
861_1.wav,কমলা সময় আৰু তাৰিখৰ মোহৰ
862_1.wav,দুগৰাকী মহিলা টেনিছ খেলুৱৈয়ে হাত মিলাইছে
863_1.wav,এটা কাঠৰ ষ্টেণ্ড
864_1.wav,ইয়াৰ অৰ্থ হৈছে বন্ধু ।
865_1.wav,এখন সংবাদমেলৰ পৃষ্ঠভূমিত এখন আমেৰিকান পতাকা
866_1.wav,এজন ব্যক্তিৰ ওচৰত থিয় হৈ থকা দুটা ইংৰাজী স্পাইনেল
867_1.wav,কিতাপৰ ষ্টেণ্ড এখন আছে যি কিতাপেৰে ভৰি আছে ।
868_1.wav,খেলুৱৈসকলৰ ফটো তোলা মানুহজন
869_1.wav,ৰঙা ক্ৰছৰ সৈতে ক ' লা টুপী
860_1.wav,ক্ৰছ চিহ্নৰ দ্বাৰা হালধীয়া মেৰু
871_1.wav,এটা ক ' লা আৰু মুগা কুকুৰ চোফাৰ গভীৰতাত শুই পৰিছিল ।
872_1.wav,কোণত বহি থকা সময়ৰ মোহৰ
873_1.wav,বৰ্ণৰ সৈতে হালধীয়া বিমান
874_1.wav,পথচাৰীসকলে ৰাস্তা পাৰ হ ' বলৈ বুটাম
875_1.wav,এটা ষ্টেণ্ড মিক্সাৰ
876_1.wav,এই খেলুৱৈজন চাৰ্টলেছ
877_1.wav,দ্বিতীয় জিৰাফৰ ফালে আৰ্হি
878_1.wav,মাটিত এটা খণ্ড
879_1.wav,ষ্টেণ্ডত চাইকেল
870_1.wav,তিনিজন বেছবল খেলুৱৈ একেৰাহে থিয় হৈ আছে
881_1.wav,ৰঙা চিগনেল এটা ক্ৰছ চিগনেল নকৰিব ।
882_1.wav,ফৰাচী কফি প্ৰেছ
883_1.wav,সহায়ক স্প্ৰিংৰ সৈতে ক ' লা চাইকেলৰ আসন
884_1.wav,প্ৰ ' পেলাৰ দ্ৰুতগতিত আগবাঢ়ি ছে
885_1.wav,বাছৰ টয় মডেল
886_1.wav,এখন মটৰচাইকেল দ্ৰুতগতিত গৈ আছে
887_1.wav,আদালতত ছাঁ
888_1.wav,খেলুৱৈ আৰু দৰ্শকক পৃথক কৰা এটা ইটাৰ দেৱাল ।
889_1.wav,এটা দ্ৰুত গতিশীল হাত
880_1.wav,এজন মানুহে দুজন বেছবল খেলুৱৈৰ ফটো আঁকিছে
891_1.wav,বেছবল খেলুৱৈয়ে পুৰণি ফটোত একেলগে পোজ দিছে
892_1.wav,টেনিছ কোৰ্টত নেট
893_1.wav,নাইট ষ্টেণ্ডত গ্লাছ টপ
894_1.wav,ৰিম ' ট কণ্ট্ৰোলৰ শীৰ্ষত হাই ক্ৰছ
895_1.wav,টেনিছ কোৰ্টত ঘাঁহ বাঢ়ি আছে ।
896_1.wav,ছবিত সময় মোহৰ
897_1.wav,দুটা ৰঙা ধাতুৰ স্প্ৰিং
898_1.wav,এখন দেৱালত এটা খণ্ড
899_1.wav,মানুহবোৰক ৰাস্তা পাৰ হোৱা দেখা গৈছে ।
890_1.wav,নাইট ষ্টেণ্ডটো কাঠৰ ।
901_1.wav,পথ অৱৰোধৰ সন্মুখত এখন মটৰচাইকেল ৰখাই থোৱা হৈছে
902_1.wav,ৰাস্তাত অংকিত বগা পটিযুক্ত পথচাৰী ক্ৰছ - ৱাক ।
903_1.wav,ডাগআউটত বেছবল দলৰ খেলুৱৈ
904_1.wav,লৰা ভৰি দুখন মেৰিয়াই বহি আছে
905_1.wav,মানুহজনৰ হাতখনে মুঠি এটা গঠন কৰে
906_1.wav,বাঁহৰ ষ্টেণ্ড
907_1.wav,বাহিনীৰ সদস্যসকলক সন্মান জনোৱা প্ৰতিমূৰ্তি
908_1.wav,পোছাকৰ ইউনিফৰ্ম পিন্ধা শক্তিৰ পুৰুষ
909_1.wav,আন এটা ষ্টেণ্ড আৰু ইয়াৰ গৰাকী
900_1.wav,ন্যায্য আকাশ
91_1.wav,ইংৰাজী আখৰ বগা
92_1.wav,ব্ৰাউন বক্স টেনিছ কোৰ্টত আছে
93_1.wav,টাৱাৰত এটা ক্ৰছ আছে
94_1.wav,মাটিৰ বৃত্তত থকা খেলুৱৈসকল
95_1.wav,দ্বিতীয় স্তৰলৈ যোৱা বেইজ ষ্টেয়াৰ পথ
96_1.wav,ভৱনটোৰ কাষত গ্ৰে কংক্ৰিট ক্ৰছ
97_1.wav,বেঞ্চ ভৰিৰ বাবে ব্লক কৰক
98_1.wav,অৱস্থান বৰ্ণবোৰ বগা
99_1.wav,মুগা প্লাষ্টিকৰ ফাষ্ট ফুড টেবুল
90_1.wav,এটা সময় আৰু তাৰিখৰ মোহৰ
911_1.wav,এলিচ স্প্ৰিংছ বুলি কোৱা চিহ্নটো
912_1.wav,এটা খণ্ডত এটা চেণ্ডউইচ
913_1.wav,খেলুৱৈৰ ভৰিৰ পিছফালে ৰঙা মোনা
914_1.wav,নিৰ্মাণৰ কাষত এছিয়ান চৰিত্ৰসমূহ
915_1.wav,টেনিছ খেলুৱৈজনৰ ছাঁ টেনিছ কোৰ্টত আছে ।
916_1.wav,তীক্ষ্ণ চেহেৰাৰ হালধীয়া মটৰচাইকেল
917_1.wav,বিচনাৰ তলত বগা স্প্ৰিং
918_1.wav,টেনিছ কোৰ্টৰ দেৱালত পৃষ্ঠপোষকৰ নাম
919_1.wav,এটা ইঙ্গিতত লিখা এছিয়ান চৰিত্ৰসমূহ
910_1.wav,এজন মানুহ এখন জীপৰ ওচৰত থিয় হৈ আছে ।
921_1.wav,পোহৰে ৰামধেনু সৃষ্টি কৰে
922_1.wav,সোঁফালৰ পৰা দ্বিতীয় আৰোহীৰ হেডপিচ
923_1.wav,লিবাৰ্টি বেলৰ সৈতে ডাক টিকট
924_1.wav,পানীৰ ছিদ্ৰৰ কাষত মাটি হিচাপে
925_1.wav,কাঠৰ এটা অসম্পূৰ্ণ খণ্ড
926_1.wav,খেলুৱৈসকলৰ পিছফালে সেউজীয়া ঘাঁহ
927_1.wav,দ্বিতীয় আধাৰ প্ৰশিক্ষকে খেলখন চায়
928_1.wav,কেঁচুৱাকো মৃদু মিহি মুগা চুলি
929_1.wav,এ ব্লেক এণ্টাৰটেইনমেণ্ট ষ্টেণ্ড অন হুইলচ
920_1.wav,ছবিৰ সময় সূচিত কৰা তাৰিখ আৰু সময়
931_1.wav,অট্টালিকাৰ দ্বিতীয় কাহিনীত দুটা বেলকনি আছে
932_1.wav,ষ্টেণ্ডত ৰখা ওভান
933_1.wav,ষ্টেণ্ডত স্পীকাৰ
934_1.wav,সামগ্ৰী ষ্টেণ্ডৰ সন্মুখত এজন মানুহ
935_1.wav,এখন দ্ৰুত গতিত চলি থকা ৰেল
936_1.wav,টেনিছ খেলুৱৈসকলে কোৰ্টত ছাঁ পেলায়
937_1.wav,ফটোখনৰ তাৰিখৰ মোহৰ হৈছে
938_1.wav,চিমেণ্ট ব্লকত বহি থকা এজন মানুহ
939_1.wav,ডাগআউটত বহুতো বেছবল খেলুৱৈ
930_1.wav,তীব্ৰ গতিত বৰষুণ ৰখা মহিলাৰ ছবি
941_1.wav,তাৰিখটো কমলা
942_1.wav,মহিলাৰ পিছফালে ধূসৰ খণ্ড দেৱাল
943_1.wav,কণী আৰু হ ' লেণ্ডাইজৰ সৈতে ইংৰাজী মাফিন
944_1.wav,হাতীৰ নেজ এটা বৃত্ত গঠন কৰে
945_1.wav,উদ্ভিদটো ধাতুৰ ষ্টেণ্ডত আছে
946_1.wav,ট্ৰেৰ বাবে থিয় হওক
947_1.wav,এইটো এটা নীলা আদালত
948_1.wav,ফৰ্সা ছাল কমলা চুলি কোটি কোটি ফ্ৰেকল আৰু গ্লাছৰ সৈতে আদা
949_1.wav,মুখৰ অভিব্যক্তি বিশেষকৈ মুখত কোৱা হয় 
940_1.wav,এটা কমলা সময়ৰ টিকট
951_1.wav,তৰংগ নিৰ্মাণ কৰা নাও
952_1.wav,শিশুৱে জোৰকৈ এটা কেনত খড় ৰাখে
953_1.wav,টেনিছ কোৰ্টত নীলা বৰ্গ
954_1.wav,খেলুৱৈ টেনিছ জোতা বগা
955_1.wav,খণ্ড প্ৰতিনিধিত্ব কৰা চিহ্ন
956_1.wav,ক ' লা ষ্টেণ্ডত থকা কিতাপসমূহ
957_1.wav,ছবিৰ তাৰিখ আৰু সময়
958_1.wav,এটা ট্ৰেইন ষ্টপ ব্লক
959_1.wav,বৰফৰে আবৃত ক্ৰছ ৱাক
950_1.wav,ৰাস্তাত বগা খণ্ড
961_1.wav,ফুটবল খেলুৱৈসকল কাৰ্যত আছে
962_1.wav,বৰ্ডাৰ এলেকাত টেনিছ কোৰ্ট ডাবলছ খেলিব
963_1.wav,সেউজীয়া ৰংত ইংৰাজী শব্দ
964_1.wav,বগা ৰেখাৰ সৈতে ব্ৰাউন টেনিছ কোৰ্ট ।
965_1.wav,বেৰৰ কাষত এটা মুগা ষ্টেণ্ড ।
966_1.wav,হোৱাইট ক্ৰছৰ সৈতে ব্লেক আইৰণ গেট
967_1.wav,ৰঙা নম্বৰৰ সৈতে সময় টিকট
968_1.wav,বিচনাষ্টেণ্ডত কিতাপৰ স্তূপ
969_1.wav,কাঠৰ খণ্ডএটাত চুৰি ছেট কৰা হৈছে
960_1.wav,ষ্টিপলটোৰ ওপৰত এটা ক্ৰছ আছে
971_1.wav,টিভি ষ্টেণ্ডত দূৰদৰ্শন ।
972_1.wav,ওপৰৰ পৰা দ্বিতীয় সেউজীয়া চিহ্ন
973_1.wav,তাৰিখ ষ্টেম্প 6 / 30 / 2013
974_1.wav,টেনিছ কোৰ্টত লোগো
975_1.wav,নেকটাইৰ এটা বৃত্ত ক্ৰছ মোটিফ আছে
976_1.wav,ফটোখনত ফটোগ্ৰাফাৰৰ মোহৰ
977_1.wav,চাৰ্ফাৰৰ সন্মুখত সেউজীয়া পানীৰ বাধা
978_1.wav,ৰঙা ৰঙৰ এছিয়ান চৰিত্ৰসমূহ
979_1.wav,এটা সূক্ষ্ম বগা বালি
970_1.wav,খেলুৱৈসকলৰ সৈতে বেছবল হীৰা
981_1.wav,খেলপথাৰত দুজন খেলুৱৈ
982_1.wav,দ্বিতীয় জিৰাফৰ ডিঙিত মুগা মেইন
983_1.wav,বগা খোদিত ক্ৰছ
984_1.wav,এছিয়ান চৰিত্ৰৰ সৈতে ৰঙা আৰু ৰূপালী আইকন
985_1.wav,মহিলাগৰাকী ৰাস্তা পাৰ হ ' বলৈ সাজু হৈছে
986_1.wav,বোৰ্ড তালিকাৰ শীৰ্ষপ্ৰেছ কৰক
987_1.wav,ৰেলখন এখন দ্ৰুত গতিৰ ৰেল
988_1.wav,মেলাত মানুহ ।
989_1.wav,এটা ধাতুৰ ক্ৰছ বীম
980_1.wav,গাঢ় মুগা কাঠেৰে নিৰ্মিত নিশাৰ ষ্টেণ্ড
991_1.wav,এটা ঘৰৰ দ্বিতীয় মহলাত ৰেইল কৰা বাৰাণ্ডা
992_1.wav,দ্বিতীয় মহলাত বাৰাণ্ডা
993_1.wav,বগা বৰ্ণৰ সৈতে এখন প্লেট
994_1.wav,খেলুৱৈসকলে ইউনিফৰ্ম পিন্ধে ।
995_1.wav,ফটোগ্ৰাফাৰ ৱাটাৰমাৰ্ক আৰু তাৰিখ
996_1.wav,ৰঙা মেজৰ ওপৰত ফাষ্ট ফুড ৰখা
997_1.wav,মহিলাগৰাকীয়ে তাইৰ বাহু পাৰ কৰিলে
998_1.wav,ইয়াত ট্ৰেকবোৰ পাৰ হৈ যায়
999_1.wav,কমলা পাৰ নকৰিব চিহ্ন
990_1.wav,খেলুৱৈসকলে বেছবল খেলি আছে ।
131_1.wav,চকচকে ৰঙা অৰ্ধ - গ্লছ ব্লক ৱাল
132_1.wav,তিনিজন বেছবল খেলুৱৈ খেলপথাৰত আছে ।
133_1.wav,স্কেট পাৰ্কৰ পিছফালে এটা ব্লক ৱাল আছে
134_1.wav,ৰঙা প্লেনৰ নেজদৃশ্য
135_1.wav,বল খেলুৱৈৰ এটা গোট অনুশীলন কৰি আছে
136_1.wav,এটা সূক্ষ্ম ৰূপালী পকেট ঘড়ী
137_1.wav,ছবিৰ কোণত তাৰিখৰ মোহৰ
138_1.wav,সোঁ ফালৰ তলত বগা ক্ৰছৰ সৈতে ৰঙা বৃত্ত
139_1.wav,ফুলৰ বাবে এটা ধাতুৰ ষ্টেণ্ড
130_1.wav,বন্ধ ছাতিৰ দ্বিতীয় ছেট
211_1.wav,এইবোৰ বেছবল খেলুৱৈ
212_1.wav,বেৰৰ বাবে চিণ্ডাৰ ব্লক আধাৰ
213_1.wav,খেলুৱৈসকলৰ মাজত এটা ফান্দ
214_1.wav,খেলুৱৈৰ চাৰ্টৰ পিছফালে থকা নীলা
215_1.wav,বাছৰ দ্বিতীয় স্তৰ
216_1.wav,বিলবৰ্ডত বৰ্ণসমূহ
217_1.wav,স্প্ৰিংবোৰৰ তলত থকা বোল্টটো ।
218_1.wav,টেনিছ কোৰ্টত নেট
219_1.wav,এজন বৃদ্ধ ব্যক্তি চাইকেলত এনে এখন দেশত আছে য ' ত ইংৰাজী হৈছে চৰকাৰী ভাষা
210_1.wav,প্ৰদৰ্শনত লেণ্ডস্কেপ গুল্ম মডেলসমূহ
371_1.wav,টেনিছ কোৰ্টৰ পিছফালে এজনী বল ছোৱালী
372_1.wav,ডাঠ বগা কাঠৰ ক্ৰছ ।
373_1.wav,দ্বিতীয় আসন
374_1.wav,এটা কলা বাধা ষ্টেণ্ড ।
375_1.wav,টেনিছ কোৰ্টৰ চাৰিওফালে সেউজীয়া পৃষ্ঠ
376_1.wav,টেনিছ খেলুৱৈৰ কোৰ্টত খেল ।
377_1.wav,নাইট ষ্টেণ্ডত কলা বৈদ্যুতিক ঘড়ী
378_1.wav,এজন স্কেট বোৰ্ডাৰ দ্ৰুতগতিত গৈ আছে
379_1.wav,ৰাস্তাত ৰখাই থোৱা পাঁচটা বেলেগ বেলেগ মডেলৰ গাড়ী
370_1.wav,টেবুলত কাগজ ।
531_1.wav,টেনিছ কোৰ্টত বল
532_1.wav,ৰাস্তাত অংকিত ক্ৰছ ৱাক এলেকা
533_1.wav,কল ধৰি ব্ৰাউন ষ্টেণ্ড ।
534_1.wav,অসততা বা নিৰপেক্ষতা দেখুওৱা শাৰী
535_1.wav,চুৰি খণ্ডৰ ওপৰত নব
536_1.wav,ভিডিঅ ' এটাত সময়ৰ মোহৰ ।
537_1.wav,গ্লাছ ষ্টেণ্ডত এটা ঘড়ী
538_1.wav,আদালতত এজন ব্যক্তি
539_1.wav,পানীৰ দ্বাৰা ডুব যোৱা পথ অৱৰোধ
530_1.wav,ট্ৰেফিক লাইটত এটা ৰঙা ক্ৰছ আছে ।
651_1.wav,ব্যক্তিজনৰ হাতত এটা মোহৰ আছে
652_1.wav,সঠিক তাৰিখ 2010 প্ৰতিলিপি কৰক
653_1.wav,খেলুৱৈসকলৰ পিছফালে নিম্ন ধূসৰ দেৱাল
654_1.wav,টেনিছ কোৰ্টৰ এটা সেউজীয়া অংশ ।
655_1.wav,দ্বিতীয় পথৰ পোহৰ
656_1.wav,দুজন টেনিছ খেলুৱৈ একেলগে থিয় হৈ আছে
657_1.wav,ক ' লা চৰ্ট পিন্ধা দুজন টেনিছ খেলুৱৈ
658_1.wav,খেলুৱৈসকলৰ নীলা মোজা আছে
659_1.wav,এটা ৰঙা তাৰিখৰ মোহৰ
650_1.wav,খেলুৱৈসকলে উচ্চ পাঁচ দি আছে
831_1.wav,ফাষ্ট ফুড চিকেন পেটি
832_1.wav,দ্বিতীয় ৰাইডাৰৰ চানগ্লাছ
833_1.wav,ফাষ্ট ফুড দোকানত খাদ্য ক্ৰয় কৰা লোক
834_1.wav,পিছফালে দ্বিতীয় জন্তু
835_1.wav,টিভিৰ তলত থিয় হওক
836_1.wav,বগা ফিটা থকা টেনিছ কোৰ্ট
837_1.wav,মটৰচাইকেলত কিক ষ্টেণ্ড
838_1.wav,চেইনলিংক ফেন্সিংয়ে ফিল্ড প্ৰস্থান গঠন কৰে
839_1.wav,মানুহৰ চৰিত্ৰৰ দেৱাল ডিজাইন ।
830_1.wav,দ্ৰুত পিটছৰ বিৰুদ্ধে হাতৰ সুৰক্ষাৰ বাবে কেথাৰৰ মিট ।
1081_1.wav,বেছবল খেলুৱৈয়ে দ্বিতীয় আধাৰ চুৰি কৰিছে
1082_1.wav,বাবে এটা তাৰিখৰ মোহৰ
1083_1.wav,ঘৰৰ দ্বিতীয় কাহিনী
1084_1.wav,দ্বিতীয় মহলাত ব্লু ক্ৰছ উইণ্ডো
1085_1.wav,মুগা কেকৰ ওপৰত চৰাইৰ পাত্ৰ
1086_1.wav,হাইলেণ্ড স্প্ৰিংছৰ বাবে এটা বিজ্ঞাপন
1087_1.wav,টেনিছ কোৰ্ট ঘাঁহেৰে নিৰ্মিত
1088_1.wav,ৰানৱে মডেলৰ এটা শাৰী
1089_1.wav,হালধীয়া সংখ্যাৰ তাৰিখ দেখুওৱা হৈছে
1080_1.wav,এটা টোষ্ট ইংৰাজী মাফিন
1091_1.wav,ক্ৰছ কাণ্ট্ৰী স্কি ৰেচাৰসকলে এটা পাহাৰত স্কিইং কৰে ।
1092_1.wav,এখন বেঞ্চত বহি থকা তিনিগৰাকী মহিলা ফুটবল খেলুৱৈ ।
1093_1.wav,ইংৰাজ দেশৰ এজটেক আৰু দোষ্ট তীৰ্থৰ মাজত কিবা যেন লগা
1094_1.wav,এটা ষ্টেণ্ডত এটা পাত্ৰ লগোৱা হৈছে ।
1095_1.wav,নিৰ্মাণৰ দ্বিতীয় কাহিনীত সুৰক্ষা ৰেলিং
1096_1.wav,মানুহজনে ভৰি দুখন মেৰিয়াই মজিয়াত বহি আছে
1097_1.wav,নীলা আদালতত বগা লিখনি ।
1098_1.wav,এটা অতি দ্ৰুত বেছবল
1099_1.wav,মুগা বৰ্ণৰ সৈতে বগা ঘড়ীৰ মুখ
1090_1.wav,এগৰাকী মহিলাই দ্ৰুতগতিত স্কিইং কৰে ।
11_1.wav,চৰিত্ৰবোৰ চীনা
12_1.wav,ফটোৰ তাৰিখ আৰু সময়
13_1.wav,ইংৰাজী আৰু স্পেনিছত লাগেজ চাইন
14_1.wav,বিচনাখনৰ তলত বাকচ স্প্ৰিং
15_1.wav,ফ্লাৱাৰ প্ৰিণ্টৰ সৈতে বক্স স্প্ৰিংছ
16_1.wav,ইংৰাজী মাফিনৰ তলত ফৰ্ক
17_1.wav,আদালতত দুজন খেলুৱৈ আছে
18_1.wav,পাৰ হ ' বলৈ চেষ্টা কৰা এজন মানুহ
19_1.wav,দ্বিতীয় স্তৰৰ লোকসকল
10_1.wav,টেনিছ কোৰ্টত প্ৰেছ বক্স
111_1.wav,খেলুৱৈৰ ভৰিত ৰঙা টেনিছজোতা
112_1.wav,বেৰৰ তাৰিখত ঘড়ীৰ মুখ
113_1.wav,বেছবল খেলুৱৈ চোৱা মানুহৰ এটা গোট
114_1.wav,বিপৰীত দলৰ এগৰাকী মহিলাই ফ্ৰিছবী অৱৰোধ কৰিবলৈ চেষ্টা কৰি আছে
115_1.wav,ৰাস্তাত এটা বগা ষ্টেণ্ড
116_1.wav,ফুটপাথত কংক্ৰিটৰ গঠন
117_1.wav,ফলৰ ষ্টেণ্ডৰ কাষত থিয় হৈ থকা মানুহজন
118_1.wav,এটা বিচনা প্লাষ্টিকৰ মোহৰ
119_1.wav,ছোৱালীজনীয়ে মেলাত গৰু দেখুৱাইছে
110_1.wav,কোৰ্টত খেলুৱৈৰ ছাঁ
141_1.wav,শিলবোৰত ঢিলা পলস সৃষ্টি হয়
142_1.wav,এই হাতখনে এটা বুটাম টিপিবলৈ গৈ আছে
143_1.wav,ইংৰাজী আৰু বিদেশী ভাষাত লিখা সংকট
144_1.wav,তলৰ ওচৰত হালধীয়া ষ্টাম্পৰ তাৰিখ
145_1.wav,ইংৰাজী আৰু চীনা ভাষাত এটা মেৰুত ৰাস্তাৰ চিহ্ন
146_1.wav,এটা ইংৰাজী মাফিন চেণ্ডউইচ
147_1.wav,বহুতো ইউটিলিটি কেবল ৰাস্তাৰ ওপৰেৰে পাৰ হৈ যায়
148_1.wav,সেউজীয়া লেছৰ সৈতে স্নিকাৰ অৱৰোধ কৰক
149_1.wav,ব্ৰাউনে তাৰিখ অংকন কৰিছে ।
140_1.wav,টাই প্ৰেছত প্ৰতিফলিত হোৱা এটা পোহৰ ।
151_1.wav,এটা সংকেত চাৰিআলি দেখুওৱা হৈছে
152_1.wav,কৃষকৰ বজাৰৰ স্থিতি
153_1.wav,ষ্টেণ্ডত কল
154_1.wav,দুৱাৰত লোগো ষ্টেম্প
155_1.wav,ইংৰাজী ব্ৰেকফাষ্ট চাহৰ পাঠ
156_1.wav,ৰূপালী স্প্ৰিংৰ সৈতে কলা বাইকৰ আসন ।
157_1.wav,নীলা এছিয়ান বৰ্ণৰ সৈতে বগা চিহ্ন
158_1.wav,ৰেলৰ তলত ডাঙৰ স্প্ৰিং ।
159_1.wav,সৰু ফৰাচী কফি প্ৰেছ ।
150_1.wav,মহিলাগৰাকী টেনিছ কোৰ্টৰ বগা ৰেখাৰ পিছফালে আছে
161_1.wav,ষ্টাৰ ৱাৰ্ছ চৰিত্ৰ আৰু থীমেৰে সজোৱা এটা টিনৰ বাকচ
162_1.wav,খেলুৱৈৰ জোতা বোৰ কলা ।
163_1.wav,ইজনে সিজনৰ ওপৰত চিছ কাৰ মডেল
164_1.wav,ৰেকৰ্ডিঙৰ তাৰিখ
165_1.wav,এটা পেনত এটা দ্বিতীয় পিজ্জা
166_1.wav,ৰাস্তাত খোজ কঢ়া ৰেখাৰ চিহ্ন
167_1.wav,টেনিছ কোৰ্টত থিয় হৈ থকা দুজন মানুহ
168_1.wav,চেল ফোনটো ষ্টেণ্ডত আছে ।
169_1.wav,টেনিছ কোৰ্টৰ ব্লু আনছ
160_1.wav,নাইট ষ্টেণ্ডত লেণ্ডলাইন ফোন
171_1.wav,দেৱালত এটা খণ্ড ।
172_1.wav,এটা ৰঙা চানকেটে এটা আমোদজনক মেলাৰ বিজ্ঞাপন দিছে
173_1.wav,গীৰ্জাৰ সন্মুখত এটা ক্ৰছ
174_1.wav,আদালতৰ শেষত জালত ঢাকি থোৱা বেৰ
175_1.wav,টেনিছ কোৰ্টত বেচলাইনৰ সৰু শাখা
176_1.wav,সূক্ষ্ম চীনৰ এটা প্লেটাৰ
177_1.wav,সেউজীয়া গম্বুজৰ ওপৰত ধূসৰ ক্ৰছ ।
178_1.wav,আদালতত ম্লান হৈ পৰিছে
179_1.wav,তাৰিখ হালধীয়া ।
170_1.wav,ইংৰাজী মাফিনৰ সৈতে এখন বগা প্লেট
181_1.wav,টেনিছ কোৰ্টত হালধীয়া সুৰক্ষা টেপ
182_1.wav,অট্টালিকাৰ দ্বিতীয় স্তৰত বলকান
183_1.wav,আন এজন বাইক আৰোহীৰ ছাঁ
184_1.wav,এটা সৰু কলা মনোৰঞ্জন ষ্টেণ্ড
185_1.wav,বুঢ়া আঙুলি এটা ডোনাটত হেঁচি দিয়ক
186_1.wav,টেনিছ কোৰ্টৰ শাৰীটো বগা ।
187_1.wav,সৰু ষ্টেণ্ডত মিনি হাইফাই
188_1.wav,নাওখনৰ ওচৰত দুজন মানুহ থিয় হৈ আছে
189_1.wav,এখন ইংৰাজী টেক্সি কেব দলঙৰ ওপৰত আছে
180_1.wav,ছবিৰ ওপৰত তথ্য মোহৰ
191_1.wav,বাওঁফালে থকা স্তম্ভৰ ওপৰত থকা ক্ৰছ
192_1.wav,প্লেটত দুজন বেছবল খেলুৱৈ
193_1.wav,সোঁফালে ফটোৰ তাৰিখ
194_1.wav,প্লেটএখনত এক সূক্ষ্ম আহাৰ
195_1.wav,এটা গ্লাছ ব্লক উইন্ডো
196_1.wav,ফটোত সময় আৰু তাৰিখৰ মোহৰ
197_1.wav,গানটো চীনা আৰু লেটিন আখৰত লিখা হৈছে
198_1.wav,মিহি শেঁতা বালি
199_1.wav,বিমানখনৰ শঙ্কুটো গভীৰ চকচকে আৰু তীক্ষ্ণ যেন লাগিছে
190_1.wav,মজিয়াত বগা টিভি ষ্টেণ্ড
201_1.wav,ক ' লা ষ্টেণ্ডত ডাঙৰ টিভি ।
202_1.wav,ফুটবল খেলুৱৈসকলে থুঁতৰি আৰু কপাল সংযোগ কৰে
203_1.wav,এটা ঘূৰণীয়া কাঠৰ খণ্ড
204_1.wav,এটা ৰস প্ৰেছ
205_1.wav,ভৱনটোৰ দ্বিতীয় মহলাত ৰেলিং
206_1.wav,টেবুলৰ ষ্টেণ্ডত ছবি থকা বগা কাগজ
207_1.wav,ষ্টেণ্ডত বিক্ৰীৰ বাবে সামগ্ৰী
208_1.wav,এটা ডাঙৰ ঘড়ীৰ বাবে ধাতুৰে নিৰ্মিত ৰিজ মেৰু ষ্টেণ্ড
209_1.wav,চিলভাৰ মেটাল মনিটৰ ষ্টেণ্ড
200_1.wav,ঘূৰণীয়া পাতল ধূসৰ ডাঙৰ চিমেণ্ট খণ্ড
21_1.wav,গছৰ গছ ।
22_1.wav,সূৰ্য অৱৰোধ কৰিবলৈ ছাতি
23_1.wav,মহিলাগৰাকীয়ে ৰাস্তা পাৰ হবলৈ অপেক্ষা কৰি আছে
24_1.wav,মহিলাগৰাকীয়ে ক্ৰছ কাণ্ট্ৰী স্কিয়িং কৰি থকা দেখা গৈছে
25_1.wav,ষ্টেণ্ডত বগা মমবাতি
26_1.wav,এটা ধূসৰ শিলৰ দেৱালে বেষ্টনীৰ এটা সীমা গঠন কৰে
27_1.wav,এটা ডাঙৰ খণ্ড প্ৰৱেশদ্বাৰ
28_1.wav,হালধীয়া ৰঙত লোৱা তাৰিখ
29_1.wav,মেকুৰীৰ নেজ এটা চি বনোৱা
20_1.wav,ফটোত নাম আৰু তাৰিখৰ মোহৰ
351_2.wav,কি হ'ল?
352_2.wav,এইটো কি?
353_2.wav,সেইটো কি?
354_2.wav,মই কি পিন্ধিব লাগে?
355_2.wav,ইয়াত কি আছে?
356_2.wav,তাপমাত্ৰা কিমান?
357_2.wav,কি খবৰ?
358_2.wav,আপুনি ক’ৰ পৰা আহিছে?
359_2.wav,মই ক’ৰ পৰা গাড়ী ভাৰা কৰিব পাৰিম?
350_2.wav,তুমি কি ভাবা?
61_2.wav,আপোনাৰ কি থাকিব?
62_2.wav,আপুনি কি পৰামৰ্শ দিয়ে?
63_2.wav,আপোনাৰ ইমেইল ঠিকনা কি?
64_2.wav,আপুনি কি পান কৰিব বিচাৰে?
65_2.wav,আপুনি কি খাব বিচাৰে?
66_2.wav,এটিএম ক'ত আছে?
67_2.wav,ইংৰাজী কোৱা এজন চিকিৎসক ক'ত আছে?
68_2.wav,কোনটো?
69_2.wav,আপুনি তেওঁক ইয়ালৈ আহিবলৈ ক'ব নেকি?
60_2.wav,অনুগ্ৰহ কৰি আমাক দুগিলাচ পানী দিব।
1_2.wav,অনুগ্ৰহ কৰি আমি আৰু কিছু পিঠা খাব পাৰিম নেকি?
2_2.wav,আপোনাৰ ওচৰত কোনো ধন আছে নেকি?
3_2.wav,কিমান ৰাতিৰ বাবে?
4_2.wav,আপুনি কিমান দিন থাকিব?
5_2.wav,মই চহৰখনৰ এখন মানচিত্ৰ বিচাৰিম।
6_2.wav,মই এটা ধূমপান নকৰা কোঠা বিচাৰিম।
7_2.wav,মই এটা কোঠা বিচাৰিম।
8_2.wav,অনুগ্ৰহ কৰি মই দুখন বিচনা থকা কোঠা এটা বিচাৰিম?
9_2.wav,মোক চিকিত্‍সকৰ প্ৰয়োজন।
0_2.wav,তুমি ব্যস্ত নেকি?
101_2.wav,ক্ষমা কৰিব।
102_2.wav,মোক এটা ফোন দিয়ক।
103_2.wav,আপোনাৰ ভায়েক কেলিফৰ্ণিয়ালৈ গৈছে নেকি?
104_2.wav,তেওঁলোকে এতিয়াও তাইক লগ পাইছে নেকি?
105_2.wav,আপুনি এইটো আগতে কৰিছে নেকি?
106_2.wav,আপুনি ইয়াত কিমান দিন ধৰি আছে?
107_2.wav,আপুনি আমেৰিকাত কিমান দিন আছে?
108_2.wav,আপুনি ইয়াত কিমান দিন বাস কৰিছে?
109_2.wav,আপোনাৰ কিমানটা সন্তান আছে?
100_2.wav,আপুনি মোৰ সৈতে যাব বিচাৰে নেকি?
11_2.wav,হোটেলখনত ৰেষ্টুৰেণ্ট আছে নেকি?
12_2.wav,ইয়াৰ ওচৰত দোকান আছে নেকি?
13_2.wav,"দুঃখিত, আমাৰ কোনো খালী পদ নাই।"
14_2.wav,মোক মেৰিয়ট হোটেললৈ লৈ যাওক।
15_2.wav,প্ৰতি নিশা চাৰ্জ কি? (হোটেল)
16_2.wav,চেক আউট কিমান সময়?
17_2.wav,বিমানবন্দৰটো ক’ত?
18_2.wav,মেইল বক্সটো ক'ত আছে?
19_2.wav,আপুনি ইয়াত অকলে আছেনে?
10_2.wav,চহৰত নাইট ক্লাব আছে নেকি?
111_2.wav,আপোনাৰ পৰিয়ালত আপোনাৰ কিমান জন লোক আছে?
112_2.wav,আপুনি কিমান বিচাৰিব?
113_2.wav,আপোনাৰ বয়স কিমান?
114_2.wav,মই কালি এটা চাৰ্ট কিনিছিলো।
115_2.wav,মই ভাল অনুভৱ নকৰো।
116_2.wav,মোৰ বহুত বিষ হৈছে।
117_2.wav,মই মোৰ কাপোৰ ধুব লাগিব।
118_2.wav,মোৰ দুগৰাকী ভগ্নী আছে।
119_2.wav,মই তেওঁক ক'ম আপুনি ফোন কৰিছিল।
110_2.wav,আপুনি কিমানটা ভাষা কয়?
121_2.wav,"মই 6'2""।"
122_2.wav,মোৰ সামুদ্ৰিক খাদ্যৰ প্ৰতি এলাৰ্জি আছে।
123_2.wav,মই আমেৰিকান।
124_2.wav,মোৰ আকাৰ 8।
125_2.wav,"মই ভালে আছো, আৰু তুমি?"
126_2.wav,মই ভয় খোৱা নাই।
127_2.wav,মোৰ শৰীৰ ভাল নহয়।
128_2.wav,মোৰ মনত আছে।
129_2.wav,মই অলপ ইংৰাজী কওঁ।
120_2.wav,মোৰ বয়স ৩২ বছৰ।
131_2.wav,আপোনাৰ স্বামীও বষ্টনৰ নেকি?
132_2.wav,এইটো বৰ ব্যয়বহুল নহয়।
133_2.wav,মই তাত আছিলো।
134_2.wav,ভাগ বতৰা কৰোঁ আহক।
135_2.wav,মোৰ ছোৱালী ইয়াত আছে।
136_2.wav,মোৰ দেউতা তাত আছে।
137_2.wav,মোৰ দেউতা এজন উকীল।
138_2.wav,যোৱা বছৰ মোৰ আইতাৰ মৃত্যু হৈছিল।
139_2.wav,মোৰ নাম জন স্মিথ।
130_2.wav,আপোনাৰ ঘৰটো এনেকুৱা নেকি?
141_2.wav,মোৰ পুত্ৰই কম্পিউটাৰ অধ্যয়ন কৰে।
142_2.wav,"নহয়, মই আমেৰিকান।"
143_2.wav,"নহয়, এইটো প্ৰথম বাৰৰ বাবে।"
144_2.wav,আমাৰ ল'ৰা ছোৱালীবোৰ আমেৰিকাত আছে।
145_2.wav,তাই এগৰাকী বিশেষজ্ঞ।
146_2.wav,তাই মোতকৈ ডাঙৰ।
147_2.wav,সেই গাড়ীখন মোৰ গাড়ীৰ দৰেই।
148_2.wav,এয়া শ্ৰীমতী স্মিথ।
149_2.wav,এয়া মোৰ মা।
140_2.wav,মোৰ ল'ৰা।
151_2.wav,আমাৰ দুটা ল'ৰা আৰু এজনী ছোৱালী আছে।
152_2.wav,আপুনি আজি ৰাতি কি কৰিব?
153_2.wav,আপোনাৰ ৰুচিবোৰ কি?
154_2.wav,আপুনি কি অধ্যয়ন কৰে?
155_2.wav,তুমি কি কৰিব বিচৰা?
156_2.wav,আপুনি কি বিদ্যালয়লৈ গৈছিল?
157_2.wav,আপোনাৰ প্ৰিয় চিনেমা কি?
158_2.wav,আপোনাৰ অন্তিম নাম কি?
159_2.wav,তোমাৰ নাম কি?
150_2.wav,মই ইয়াত প্ৰথমবাৰৰ বাবে আছোঁ।
161_2.wav,তুমি ক'ত গৈছিলা?
162_2.wav,আপুনি ইংৰাজী ক'ত শিকিলে?
163_2.wav,আপুনি ইয়াত কাম কৰাৰ আগতে ক'ত কাম কৰিছিল?
164_2.wav,আপুনি ক’ত থাকে?
165_2.wav,তুমি ক'ত আছিলা?
166_2.wav,এই পত্ৰখন কোনে প্ৰেৰণ কৰিছিল?
167_2.wav,আপুনি এইটো কিনিব বিচাৰে নেকি?
168_2.wav,আপোনাৰ সন্তানে খুব ভাল আচৰণ কৰিছে।
169_2.wav,আপোনাৰ ছোৱালী।
160_2.wav,টি-চাৰ্টবোৰ ক'ত আছে?
171_2.wav,আপুনি ইংৰাজী ভালদৰে কয়।
172_2.wav,কোনো সংগীতানুষ্ঠান আছে নেকি?
173_2.wav,আপুনি চিনেমা চাবলৈ যাব বিচাৰে নেকি?
174_2.wav,আপুনি এই চিনেমাখন দেখিছে নেকি?
175_2.wav,তেওঁ কৈছিল আপুনি চিনেমা চাবলৈ ভাল পায়।
176_2.wav,আপুনি কিমান ওখ?
177_2.wav,বেংকটো দূৰত আছে নেকি?
178_2.wav,ওচৰতে চিনেমা থিয়েটাৰ আছে নেকি?
179_2.wav,লছ এঞ্জেলছত গ্ৰীষ্মকালত মানুহে সাধাৰণতে কি কৰে?
170_2.wav,আপুনি তেওঁতকৈ বুদ্ধিমান।
181_2.wav,আপোনাৰ প্ৰিয় খাদ্য কি?
182_2.wav,চিনেমাখন কিমান সময়ত আৰম্ভ হয়?
183_2.wav,আপোনাৰ শিক্ষক কোন আছিল?
184_2.wav,আপুনি মোৰ সৈতে ৰাতিৰ আহাৰ খাব বিচাৰে নেকি?
185_2.wav,আপুনি চিনেমা এখন ভাড়াত ল'ব বিচাৰে নেকি?
186_2.wav,অনুগ্ৰহ কৰি মই এগিলাচ পানী খাব পাৰো নেকি?
187_2.wav,মই আপোনাৰ ফোন ব্যৱহাৰ কৰিব পাৰোনে?
188_2.wav,আপোনাৰ কোনো খালী পদ আছে নেকি?
189_2.wav,আপোনাৰ ওচৰত টেক্সিৰ নম্বৰ আছে নেকি?
180_2.wav,আপুনি কেনে ধৰণৰ সংগীত ভাল পায়?
191_2.wav,তাই ক'ত আছে আপুনি জানেনে?
192_2.wav,আপুনি বাস্কেটবল খেলে নেকি?
193_2.wav,অনুগ্ৰহ কৰি ইয়াক পূৰণ কৰক। (গেছ ষ্টেচন)
194_2.wav,তেওঁক কিছু নতুন কাপোৰৰ প্ৰয়োজন।
195_2.wav,সেয়া কিমান?
196_2.wav,এইটো কিমান?
197_2.wav,মই তোমাক বিশ্বাস কৰোঁ।
198_2.wav,অনুগ্ৰহ কৰি মই হিল্টন হোটেলৰ নম্বৰটো বিচাৰিম।
199_2.wav,অনুগ্ৰহ কৰি মই এটা ফোন কাৰ্ড কিনিব বিচাৰো।
190_2.wav,আপুনি তাইক চিনি পায় নেকি?
21_2.wav,অনুগ্ৰহ কৰি মই এটা ৰচিদ পাব পাৰো নেকি?
22_2.wav,দামটো অলপ কমিব নে?
23_2.wav,অনুগ্ৰহ কৰি আমি মেনু এখন পাব পাৰো নেকি?
24_2.wav,আপুনি এইটো মোৰ বাবে ধৰি ৰাখিব পাৰিবনে?
25_2.wav,আপোনাৰ কোনো সন্তান আছে নেকি?
26_2.wav,আপুনি জানেনে ইয়াৰ মূল্য কিমান?
27_2.wav,আপুনি সেই ৰেষ্টুৰেণ্টত খাইছে নেকি?
28_2.wav,আপুনি এতিয়াও খাইছে নেকি?
29_2.wav,আপুনি কেতিয়াবা আলুৰ চুপ খাইছে নেকি?
20_2.wav,মই মোৰ বন্ধুক আনিব পাৰো নেকি?
301_2.wav,অনুগ্ৰহ কৰি মই বিলখন পাব পাৰো নেকি?
302_2.wav,আপুনি পিছত ফোন কৰিব পাৰিবনে?
303_2.wav,আপুনি মোক পিছত ফোন কৰিব পাৰিবনে?
304_2.wav,আপুনি এইটো মোৰ বাবে কঢ়িয়াব পাৰিবনে?
305_2.wav,আপুনি ইয়াক ঠিক কৰিব পাৰিবনে?
306_2.wav,আপুনি মোক এটা উদাহৰণ দিব পাৰিবনে?
307_2.wav,অনুগ্ৰহ কৰি আপুনি ডাঙৰকৈ ক'ব পাৰিবনে?
308_2.wav,আপুনি সাঁতুৰিব পাৰিবনে?
309_2.wav,তেওঁ বিদ্যালয়খন ভাল পায় নেকি?
300_2.wav,মই কিছু টকা ধাৰ ল'ব পাৰো নেকি?
31_2.wav,ইয়াত আপোনাৰ চালাড আছে।
32_2.wav,এয়া আপোনাৰ অৰ্ডাৰ।
33_2.wav,ইয়াৰ সোৱাদ কেনেকোৱা হয়?
34_2.wav,কিমান জন?
35_2.wav,মই সহমত।
36_2.wav,মই খিৰিকীৰ ওচৰত এখন টেবুল বিচাৰো।
37_2.wav,মই আমেৰিকা যুক্তৰাষ্ট্ৰক ফোন কৰিব বিচাৰো।
38_2.wav,মই তাত নাছিলো।
39_2.wav,মই খোৱা শেষ কৰা নাই।
30_2.wav,সি ৰস ভাল পায় কিন্তু সি গাখীৰ ভাল নাপায়
311_2.wav,আপোনাৰ এগৰাকী প্ৰেমিকা আছে নেকি?
312_2.wav,আপোনাৰ এপইণ্টমেণ্ট আছে নেকি?
313_2.wav,আপোনাৰ কোনো সমস্যা আছে নেকি?
314_2.wav,আপুনি সেইটো শুনিছেনে?
315_2.wav,আপুনি মেৰিয়ট হোটেললৈ কেনেকৈ যাব লাগে জানেনে?
316_2.wav,ইয়াৰ অৰ্থ আপুনি জানেনে?
317_2.wav,আপুনি জানেনে মই ক'ত টেক্সি পাব পাৰো?
318_2.wav,আপুনি জানেনে মোৰ চশমাবোৰ ক'ত আছে?
319_2.wav,আপুনি আপোনাৰ সহকৰ্মীসকলক ভাল পায় নেকি?
310_2.wav,আপুনি আমেৰিকান ডলাৰ গ্ৰহণ কৰে নেকি?
321_2.wav,তুমি বুজি পোৱা নে?
322_2.wav,মোক কলমটো দিয়ক।
323_2.wav,তুমি কেনেকে গম পালা?
324_2.wav,তাইৰ কেনেকুৱা?
325_2.wav,এইটো কিমান দিন?
326_2.wav,কেইটা?
327_2.wav,মোৰ বহুতো কাম কৰিব লাগিব।
328_2.wav,30 মিনিটত।
329_2.wav,আন কোনোবা আহিআছে নেকি?
320_2.wav,আপোনাক আন কিবা প্ৰয়োজন নেকি?
331_2.wav,বাহিৰত ঠাণ্ডা হৈছে নেকি?
332_2.wav,এইটো ইয়াৰ পৰা বহু দূৰত নেকি?
333_2.wav,গৰম নেকি?
334_2.wav,বৰষুণ হৈছে নেকি?
335_2.wav,কিবা সস্তা আছে নেকি?
336_2.wav,আপোনাৰ পুত্ৰ ইয়াত আছেনেকি?
337_2.wav,মই অপেক্ষা কৰা উচিত নেকি?
338_2.wav,ডাঙৰটো নে সৰুটো?
339_2.wav,গাড়ীবোৰ আমেৰিকান।
330_2.wav,সকলো ঠিকআছে নেকি?
341_2.wav,আপুনি যোৱা নিশা লাইব্ৰেৰীত আছিলনে?
342_2.wav,আপুনি কি কৰিছে?
343_2.wav,আপুনি কি চিন্তা কৰি আছে?
344_2.wav,আপুনি দুয়োজনে কি কথা কৈআছে?
345_2.wav,যোৱা নিশা আপুনি কি কৰিছিল?
346_2.wav,আপুনি কালি কি কৰিছিল?
347_2.wav,আপুনি কি ভাবিছিল?
348_2.wav,তেওঁলোকে কি অধ্যয়ন কৰে?
349_2.wav,আপোনাৰ কি আছে?
340_2.wav,কোনো সমস্যা আছিল নেকি?
361_2.wav,আপুনি ইয়াক ক'ত শিকিলে?
362_2.wav,সি ক'ত আছে?
363_2.wav,তেওঁ ক'ৰ পৰা আহিছে?
364_2.wav,"কোনটো ভাল, স্পেগেটি বা চিকেন চালাড?"
365_2.wav,আপুনি কোনটো বিচাৰে?
366_2.wav,কোনটো সস্তা?
367_2.wav,কোনটো সৰ্বশ্ৰেষ্ঠ?
368_2.wav,তেওঁ কোনখন বিদ্যালয়লৈ যায়?
369_2.wav,সিহঁত কোন?
360_2.wav,এইটো ক'ত হৈছিল?
371_2.wav,এইয়া কোন? (ফোনত কোন আছে সেই বিষয়ে অনুসন্ধান কৰা)
372_2.wav,কোনে ফোন কৰিছে?
373_2.wav,তাত সেই মানুহজন কোন?
374_2.wav,আপোনাক সেইটো কোনে শিকাইছিল?
375_2.wav,আপুনি এইটো কিয় কৈছিল?
376_2.wav,অনুগ্ৰহ কৰি আপুনি মোক নিমখ টো দিব নেকি?
377_2.wav,আপুনি এইটো মোৰ বাবে গাড়ীত ৰাখিব নেকি?
378_2.wav,অনুগ্ৰহ কৰি আপুনি তেওঁক মোক ঘূৰাই মাতিবলৈ ক'ব নেকি?
379_2.wav,হয়।
370_2.wav,আপুনি কাক বিচাৰি আছে?
381_2.wav,আপোনাক মোৰ ভনীয়েকৰ দৰে দেখাইছে।
382_2.wav,প্ৰতি ঘণ্টাত 6 ডলাৰ।
383_2.wav,আপুনি কাৰোবাৰ বাবে অপেক্ষা কৰি আছে নেকি?
384_2.wav,আপুনি আজি কাম কৰি আছে নেকি?
385_2.wav,অনুগ্ৰহ কৰি মোৰ চাৰ্টখন মোক আনি দিয়ক।
386_2.wav,আপুনি টিভি চাবলৈ ভাল পায় নেকি?
387_2.wav,আপুনি আপোনাৰ বছক ভাল পায় নেকি?
388_2.wav,আপুনি অধ্যয়ন সমাপ্ত কৰিছে নেকি?
389_2.wav,তেওঁ এজন অভিযন্তা।
380_2.wav,আপোনাৰ এখন অতি সুন্দৰ গাড়ী আছে।
391_2.wav,তেওঁ নিউয়ৰ্কৰ এটা কম্পিউটাৰ কোম্পানীত কাম কৰে।
392_2.wav,আপুনি ইয়াত কিমান দিন কাম কৰিছে?
393_2.wav,আপুনি সপ্তাহত কিমান ঘণ্টা কাম কৰে?
394_2.wav,আপোনাৰ ওচৰত কিমান টকা আছে?
395_2.wav,বতৰ কেনেকোৱা?
396_2.wav,ভ্ৰমণটো কেনেকোৱা হৈছিল?
397_2.wav,মই পাহৰি যাওঁ।
398_2.wav,মোৰ ভাল।
399_2.wav,মই সাজু।
390_2.wav,তেওঁ বহুত কঠোৰ পৰিশ্ৰম ীয়া।
41_2.wav,মই তোমাক এটা ফোন কৰিম।
42_2.wav,অনুগ্ৰহ কৰি মোক চাহ একাপ দিব।
43_2.wav,অনুগ্ৰহ কৰি মোক এগিলাচ পানী দিব।
44_2.wav,মই আমেৰিকাৰ পৰা আহিছোঁ।
45_2.wav,মই বিচনালৈ গৈ আছো।
46_2.wav,মই ইয়াত ব্যৱসায়ত আছোঁ।
47_2.wav,মই দুঃখিত।
48_2.wav,মোৰ ওচৰত মাত্ৰ 5 ডলাৰ আছে।
49_2.wav,মই ভাবো মই এজন চিকিৎসকৰ ওচৰলৈ যাব লাগিব।
40_2.wav,মোৰ এইটো ভাল লাগে।
501_2.wav,কিছুমান কিতাপ।
502_2.wav,কোনোবাই মোৰ বাবে এনে কৰে।
503_2.wav,কোনোবা আহি আছে।
504_2.wav,"দুঃখিত, মোৰ ওচৰত পেঞ্চিল নাই।"
505_2.wav,গাড়ীখন ষ্টাৰ্ট কৰক।
506_2.wav,মোক ডাউনটাউনলৈ লৈ যাওক।
507_2.wav,তাক কওঁক যে মই তেওঁৰ সৈতে কথা পাতিব লাগিব।
508_2.wav,তাত থকা সেই গাড়ীখন মোৰ।
509_2.wav,সেইটো পুৰণি যেন লাগিছে।
500_2.wav,তাই কাইলৈ মোৰ লগত যাব।
51_2.wav,মই বুজি পাইছোঁ।
52_2.wav,জুন ৩।
53_2.wav,খাদ্যটো সুস্বাদু আছিল।
54_2.wav,ৰেফ্ৰিজেৰেটৰত কিছুমান আপেল আছে।
55_2.wav,ইয়াৰ ওচৰত এখন ৰেষ্টুৰেণ্ট আছে।
56_2.wav,"তাত এখন ৰেষ্টুৰেণ্ট আছে, কিন্তু মই নাভাবো যে এইটো খুব ভাল।"
57_2.wav,ৱেইটাৰ!
58_2.wav,ৱেট্ৰেছ!
59_2.wav,আমি ইটালিয়ান বা চাইনিজ খাদ্য খাব পাৰোঁ।
50_2.wav,এইটো ২৫ আগষ্ট।
511_2.wav,সেয়া তাইৰ কিতাপ।
512_2.wav,সেয়াই যথেষ্ট নহয়।
513_2.wav,গাড়ীখন ঠিক কৰা হৈছে।
514_2.wav,এই কিতাপবোৰ আমাৰ।
515_2.wav,টিভিটো ভাঙি গৈছে।
516_2.wav,তেওঁলোকে এতিয়ালৈকে তাইক লগ পোৱা নাই।
517_2.wav,তেওঁলোকে অহা বছৰ আহিবলৈ পৰিকল্পনা কৰি আছে।
518_2.wav,তেওঁলোকে আমাৰ বাবে অপেক্ষা কৰি আছে।
519_2.wav,এই কোঠাটো এটা খেলিমেলি।
510_2.wav,এইটো এটা ভাল বিদ্যালয়।
521_2.wav,সেই গাড়ীখন কি ৰঙৰ?
522_2.wav,এই জোতাবোৰৰ বিষয়ে আপুনি কি ভাবে?
523_2.wav,আপুনি কেতিয়া লগ পাব বিচাৰে?
524_2.wav,আপোনাৰ পত্নীয়ে ক'ত কাম কৰে?
525_2.wav,মেইন ষ্ট্ৰীট ক'ত আছে?
526_2.wav,মোৰ চাৰ্টটো ক'ত আছে?
527_2.wav,বাছ ষ্টেশ্যনটো ক’ত আছে?
528_2.wav,মই কোনটো ৰাস্তা ল'ব লাগে?
529_2.wav,তুমি শুদ্ধ।
520_2.wav,সেই মানুহবোৰে ইংৰাজী কৈ আছে।
531_2.wav,সাৱধান হওক।
532_2.wav,সাৱধানে গাড়ী চলাব।
533_2.wav,আপুনি এইটো মোৰ বাবে অনুবাদ কৰিব পাৰিবনে?
534_2.wav,চিকাগো বষ্টনতকৈ বহুত বেলেগ।
535_2.wav,চিন্তা নকৰিবা।
536_2.wav,সকলোৱে জানে।
537_2.wav,সকলো সাজু।
538_2.wav,উত্তম।
539_2.wav,সময়ে সময়ে।
530_2.wav,আপোনাৰ ঘৰটো বৰ ভাল।
541_2.wav,তেওঁ এইটো বহুত ভাল পায়।
542_2.wav,সহায়!
543_2.wav,সে খুব তাড়িয়ে আসছে।
544_2.wav,সি শুদ্ধ।
545_2.wav,তেওঁ বৰ বিৰক্তিকৰ।
546_2.wav,তেওঁ বহুত বিখ্যাত।
547_2.wav,তোমাৰ ভাল নে?
548_2.wav,কাম কেনেকুৱা হৈ আছে?
549_2.wav,সোনকালে!
540_2.wav,ভাল ধাৰণা।
551_2.wav,মই তোমাক শুনা নাই।
552_2.wav,মই খোজ কাঢ়িবলৈ যাব বিচাৰো।
553_2.wav,মই ইয়াক কেনেদৰে ব্যৱহাৰ কৰিব লাগে নাজানো।
554_2.wav,মই তেওঁক ভাল নাপাওঁ।
555_2.wav,মই এইটো ভাল নাপাওঁ।
556_2.wav,মই ভালদৰে কথা নকওঁ।
557_2.wav,মই বুজি পোৱা নাই।
558_2.wav,মই এইটো নিবিচাৰো।
559_2.wav,মই সেইটো নিবিচাৰো।
550_2.wav,মই ইতিমধ্যে খাইছো।
561_2.wav,মই ভাল অনুভৱ কৰো।
562_2.wav,"যদি আপোনাক মোৰ সহায়ৰ প্ৰয়োজন হয়, অনুগ্ৰহ কৰি মোক জনাব।"
563_2.wav,মই ৬ বজাত কামৰ পৰা নামি যাওঁ।
564_2.wav,মোৰ মূৰৰ বিষ হৈছে।
565_2.wav,মই আশা কৰোঁ আপোনাৰ আৰু আপোনাৰ পত্নীৰ এটা সুন্দৰ ভ্ৰমণ হ'ব।
566_2.wav,মই জানো।
567_2.wav,মই তাইক ভাল পাওঁ।
568_2.wav,মই যাওঁতে তোমাক ফোন কৰিম।
569_2.wav,মই পিছত ঘূৰি আহিম।
560_2.wav,মই তোমাক আমনি কৰিব নিবিচাৰো।
571_2.wav,মই এইটো লম।
572_2.wav,মই তোমাক বাছ ষ্টপলৈ লৈ যাম।
573_2.wav,মই মোৰ ঘড়ীটো হেৰুৱালো।
574_2.wav,মই তোমাক ভাল পাওঁ।
575_2.wav,মই এজন আমেৰিকান।
576_2.wav,মই মোৰ কোঠাটো পৰিষ্কাৰ কৰি আছো।
577_2.wav,মোৰ ঠাণ্ডা লাগিছে।
578_2.wav,মই তোমাক নিবলৈ আহিছোঁ।
579_2.wav,মই যাম।
570_2.wav,মই পৰিশোধ কৰিম।
581_2.wav,মই সুখী।
582_2.wav,মোৰ ভোক লাগিছে।
583_2.wav,মই বিবাহিত।
584_2.wav,মই ব্যস্ত নহয়।
585_2.wav,মই বিয়া হোৱা নাই।
586_2.wav,মই এতিয়াও সাজু নহয়।
587_2.wav,মই নিশ্চিত নহয়।
588_2.wav,"মই দুঃখিত, আমাক বিক্ৰী কৰা হৈছে।"
589_2.wav,মোৰ পিয়াহ লাগিছে।
580_2.wav,"মই ভাল, আৰু তুমি?"
591_2.wav,মই কাপোৰ সলনি কৰিব লাগিব।
592_2.wav,মই ঘৰলৈ যাব লাগিব।
593_2.wav,মই কেৱল এটা জলপান বিচাৰো।
594_2.wav,শ্ৰীযুত স্মিথ এজন আমেৰিকান নেকি?
595_2.wav,ইযথেষ্ট নেকি?
596_2.wav,মই ভাবো এইটো বহুত ভাল।
597_2.wav,মই ভাবো ইয়াৰ সোৱাদ ভাল।
598_2.wav,মই ভাবিছিলো কাপোৰবোৰ সস্তা আছিল।
599_2.wav,ই মাইলতকৈ দীঘল।
590_2.wav,মই বৰ ব্যস্ত মোৰ এতিয়া সময় নাই।
601_2.wav,মই শুনিছোঁ টেক্সাছ এখন ধুনীয়া ঠাই।
602_2.wav,মই সেইটো আগতে কেতিয়াও দেখা নাই।
603_2.wav,যেতিয়া মোৰ বন্ধুসকল আহিছিল মই ৰেষ্টুৰেণ্টৰ পৰা ওলাই যাবলৈ ওলাইছিলো।
604_2.wav,মাত্ৰ অলপ।
605_2.wav,মাত্ৰ এক মুহূৰ্ত।
606_2.wav,মোক পৰীক্ষা কৰিবলৈ দিয়ক।
607_2.wav,মোক ইয়াৰ বিষয়ে ভাবিবলৈ দিয়ক।
608_2.wav,এবাৰ চাওঁ আহক।
609_2.wav,ইংৰাজী অনুশীলন কৰোঁ আহক।
600_2.wav,মই ইয়াত দুদিন ধৰি আছোঁ।
611_2.wav,তাতকৈ বেছি।
612_2.wav,মন নিদিবা।
613_2.wav,পৰৱৰ্তী বাৰ।
614_2.wav,নহয়।
615_2.wav,বাজে কথা।
616_2.wav,"নহয়, ধন্যবাদ।"
617_2.wav,আন একো নহয়।
618_2.wav,শেহতীয়াকৈ নহয়।
619_2.wav,এতিয়াই নহয়।
610_2.wav,অনুগ্ৰহ কৰি মই শ্ৰীমতী স্মিথৰ সৈতে কথা পাতিব পাৰো নেকি?
621_2.wav,হ'ব।
622_2.wav,অনুগ্ৰহ কৰি এই প্ৰপত্ৰখন পূৰণ কৰক।
623_2.wav,অনুগ্ৰহ কৰি মোক এই ঠিকনালৈ লৈ যাওক।
624_2.wav,অনুগ্ৰহ কৰি ইয়াক লিখি ৰাখক।
625_2.wav,সঁচাকৈয়ে?
626_2.wav,ইয়াতেই।
627_2.wav,তাতেই।
628_2.wav,আপোনাক পাছত লগ পাম।
629_2.wav,কালিলৈ দেখা হ'ম।
620_2.wav,নিশ্চয়।
631_2.wav,তাই ধুনীয়া।
632_2.wav,আপোনাক দিগদাৰ দিয়াৰ বাবে ক্ষমা কৰিব।
633_2.wav,বন্ধ কৰক!
634_2.wav,এটা সুযোগ লওক।
635_2.wav,ইয়াক বাহিৰত লৈ যাওক।
636_2.wav,মোক কোৱা।
637_2.wav,সকলোৰ বাবে ধন্যবাদ।
638_2.wav,আপোনাৰ সহায়ৰ বাবে ধন্যবাদ।
639_2.wav,ধন্যবাদ।
630_2.wav,আজি ৰাতিলৈ দেখা হ'ম।
641_2.wav,ধন্যবাদ মহাশয়।
642_2.wav,বহুত ধন্যবাদ।
643_2.wav,এইটো দেখিবলৈ ভাল লাগিছে।
644_2.wav,সেইটো ঠিকে আছে।
645_2.wav,সেইটো যথেষ্ট।
646_2.wav,সেইটোৱেই।
647_2.wav,সেইটো বেয়া গোন্ধ।
648_2.wav,সেইটো ঠিক হোৱা নাই।
649_2.wav,এইটো ঠিক নহয়।
640_2.wav,ধন্যবাদ মিছ।
651_2.wav,সেইটো খুব বেয়া।
652_2.wav,সেয়া বহুত।
653_2.wav,সেয়া বহুত বেছি।
654_2.wav,কিতাপখন মেজৰ তলত আছে।
655_2.wav,সিহঁত ঠিক ঘূৰি আহিব।
656_2.wav,সিহঁত একেই।
657_2.wav,তেওঁলোক বৰ ব্যস্ত।
658_2.wav,এইটো বৰ কঠিন।
659_2.wav,চেষ্টা কৰক।
650_2.wav,সেইটো ঠিক।
661_2.wav,আমি ইয়াক বহুত ভাল পাওঁ।
662_2.wav,অনুগ্ৰহ কৰি আপুনি এটা বাৰ্তা ল'বনে?
663_2.wav,"হয়, সঁচাকৈয়ে।"
664_2.wav,তুমি ধুনীয়া।
665_2.wav,তুমি বৰ ভাল।
666_2.wav,আপুনি বৰ স্মাৰ্ট।
667_2.wav,আপোনাৰ বস্তুবোৰ ইয়াত আছে।
668_2.wav,নিশ্চিতভাৱে!
669_2.wav,শুভ আবেলি।
660_2.wav,"খুব ভাল, ধন্যবাদ।"
671_2.wav,শুভকামনা।
672_2.wav,সুপ্ৰভাত।
673_2.wav,মহান।
674_2.wav,জন্মদিনৰ শুভ কামনা।
675_2.wav,এটা ভাল ভ্ৰমণ কৰক।
676_2.wav,নমস্কাৰ।
677_2.wav,আপোনাক লগ পাই ভাল লাগিল।
678_2.wav,অনুগ্ৰহ কৰি মোক ফোন কৰক।
679_2.wav,ডাকঘৰৰ ওপৰেৰে।
670_2.wav,শুভ সন্ধিয়া মহাশয়।
681_2.wav,মনে মনে থাকা।
682_2.wav,আপুনি এখন ভাল ৰেষ্টুৰেণ্টৰ পৰামৰ্শ দিব পাৰিবনে?
683_2.wav,এইয়া।
684_2.wav,এইয়া তুমি।
685_2.wav,সে রান্নাঘরে আছে।
686_2.wav,তেওঁ বষ্টন বিশ্ববিদ্যালয়ত পীল্লী কৰে।
687_2.wav,এইটো কিমান দূৰ?
688_2.wav,চিকাগোলৈ কিমান দূৰ?
689_2.wav,পেনচিলভেনিয়ালৈ কিমান মাইল আছে?
680_2.wav,3 বজাত।
691_2.wav,ই সুস্বাদু!
692_2.wav,এইটো 11 অতিক্ৰম কৰাৰ আধা পাৰ হৈ গৈছে।
693_2.wav,ই 5 ডলাৰৰ কম।
694_2.wav,এইটো 5 ডলাৰতকৈও অধিক।
695_2.wav,এইটো চুপাৰমাৰ্কেটৰ ওচৰত।
696_2.wav,আজি বৰষুণ হ'ব বুলি ধাৰণা কৰা হোৱা নাই।
697_2.wav,ঠিক আছে।
698_2.wav,এইটো ৭ম ৰাস্তাত আছে।
699_2.wav,এইটো সঁচাকৈয়ে গৰম।
690_2.wav,মই টিভি চাবলৈ ভাল পাওঁ।
701_2.wav,মই লাইব্ৰেৰীলৈ গৈ আছিলো।
702_2.wav,মই লাইব্ৰেৰীত আছিলো।
703_2.wav,ব'লা যাওঁ।
704_2.wav,হয়তো।
705_2.wav,200 মাইলতকৈ অধিক।
706_2.wav,মোৰ ঘৰটো বেংকৰ ওচৰত আছে।
707_2.wav,বেংকৰ ওচৰত।
708_2.wav,বাওঁফালে।
709_2.wav,সোঁফালে।
700_2.wav,কাইলৈ বৰষুণ হ'ব বুলি ধাৰণা কৰা হৈছে।
71_2.wav,আপুনি কফি বা চাহ খাব নেকি?
72_2.wav,আপুনি কিবা পান কৰিব বিচাৰে নেকি?
73_2.wav,আপুনি অলপ পানী বিচাৰে নেকি?
74_2.wav,আপুনি অলপ ৱাইন বিচাৰে নেকি?
75_2.wav,আপুনি খোজ কাঢ়িবলৈ যাব বিচাৰে নেকি?
76_2.wav,আপুনি টিভি চাব বিচাৰে নেকি?
77_2.wav,আপুনি আমেৰিকান নেকি?
78_2.wav,আপুনি আজি সন্ধিয়া আহিআছে নেকি?
79_2.wav,আপুনি আজি ৰাতি মুক্ত নেকি?
70_2.wav,আপুনি এগিলাচ পানী খাব নেকি?
711_2.wav,হোটেলৰ বাহিৰত।
712_2.wav,ইয়ালে।
713_2.wav,তাত।
714_2.wav,কিতাপখন মেজৰ পিছফালে আছে।
715_2.wav,কিতাপখন মেজৰ সন্মুখত আছে।
716_2.wav,কিতাপখন মেজৰ ওচৰত আছে।
717_2.wav,কিতাপখন মেজৰ কাষত আছে।
718_2.wav,কিতাপখন মেজৰ ওপৰত আছে।
719_2.wav,টেবুলত কিছুমান কিতাপ আছে।
710_2.wav,দ্বিতীয় মহলাত।
721_2.wav,আমি কেলিফৰ্ণিয়াৰ পৰা আছোঁ।
722_2.wav,ঠিকনাটো কি?
723_2.wav,আপুনি ক’লৈ যায়?
724_2.wav,এইটো ক'ত আছে?
725_2.wav,আপুনি ক'লৈ যাব বিচাৰে?
726_2.wav,কোন জিকিছিল?
727_2.wav,১১ ডলাৰ।
728_2.wav,৫২ চেণ্ট।
729_2.wav,কেইটামান।
720_2.wav,টেবুলৰ তলত এখন কিতাপ আছে।
731_2.wav,পুলিচক মাতা।
732_2.wav,আপোনাৰ পত্নীয়ে কেলিফৰ্ণিয়া পছন্দ কৰিছিল নেকি?
733_2.wav,আপোনাৰ কোনো কফি আছে নেকি?
734_2.wav,আপোনাৰ কিবা সস্তা আছে নেকি?
735_2.wav,আপুনি ক্ৰেডিট কাৰ্ড লয় নেকি?
736_2.wav,আপুনি কেনেদৰে পৰিশোধ কৰি আছে?
737_2.wav,নিউয়ৰ্কত কিমান জন লোক আছে?
738_2.wav,এই কাণফুলিবোৰ কিমান?
739_2.wav,প্ৰতিদিনে ইয়াৰ মূল্য কিমান?
730_2.wav,অলপমান।
751_2.wav,মোৰ বয়স 26 বছৰ।
752_2.wav,মই মোৰ ইংৰাজী অনুশীলন কৰিব লাগিব।
753_2.wav,নহয় নে?
754_2.wav,এইটো ঠিক আছে নেকি?
755_2.wav,মোৰ বাবে কোনো মেইল আছে নেকি?
756_2.wav,নিশা 11:30 বজাত।
757_2.wav,এইটো নটাঅতিক্ৰম কৰাৰ এক চতুৰ্থাংশ।
758_2.wav,অনুগ্ৰহ কৰি ভিতৰলৈ আহক।
759_2.wav,"দুঃখিত, আমি ক্ৰেডিট কাৰ্ড গ্ৰহণ নকৰোঁ।"
750_2.wav,মই টিকটৰ বাবে পৰিশোধ কৰিম।
761_2.wav,সেই ৰেষ্টুৰেণ্টখন ব্যয়বহুল নহয়।
762_2.wav,সেয়া বহুত ব্যয়বহুল।
763_2.wav,ইয়াত বহুতো মানুহ আছে।
764_2.wav,তেওঁলোকে প্ৰতিদিনে ২৬ ডলাৰ মাচুল লয়।
765_2.wav,ডলাৰৰ বিনিময় হাৰ কিমান?
766_2.wav,ফোন নম্বৰ টো কি?
767_2.wav,মই টিকট ক'ত কিনিব পাৰো?
768_2.wav,আপুনি ক'ত লগ পাব বিচাৰে?
769_2.wav,কোনটো ভাল?
760_2.wav,"দুঃখিত, আমি কেৱল নগদ ধন গ্ৰহণ কৰোঁ।"
771_2.wav,এটা একমুখী টিকট।
772_2.wav,আপুনি তাইক সহায় কৰিব নেকি?
773_2.wav,এটা ৰাউণ্ড ট্ৰিপ টিকট।
774_2.wav,কি সময়ত?
775_2.wav,মই অহা বুধবাৰৰ বাবে এপইণ্টমেণ্ট ল'ব পাৰোনে?
776_2.wav,অনুগ্ৰহ কৰি আপুনি সেইটো পুনৰাবৃত্তি কৰিব পাৰিবনে?
777_2.wav,এই ৰাস্তাটো নিউয়ৰ্কলৈ যায় নেকি?
778_2.wav,আপোনাৰ ওচৰত পৰ্যাপ্ত ধন আছে নেকি?
779_2.wav,আপুনি ৰান্ধিব জানেনে?
770_2.wav,প্ৰায় 300 কিলোমিটাৰ।
781_2.wav,আপুনি বিচাৰে নেকি যে মই আহি আপোনাক তুলি লওঁ?
782_2.wav,মোক অনুসৰণ কৰা।
783_2.wav,ইয়াৰ পৰা তাৰ পৰা তালৈ।
784_2.wav,পোনপটীয়াকৈ আগবাঢ়ক।
785_2.wav,আপুনি আহিছে নেকি?
786_2.wav,আপুনি বষ্টনলৈ গৈছে নেকি?
787_2.wav,মই তালৈ কেনেকৈ যাম?
788_2.wav,মই ডেনিয়েল ষ্ট্ৰীটলৈ কেনেকৈ যাম?
789_2.wav,মই আমেৰিকান দূতাবাসলৈ কেনেকৈ যাম?
780_2.wav,আপুনি জানেনে এইটোৱে কি কয়?
791_2.wav,জৰ্জিয়ালৈ যাবলৈ কিমান সময় লাগে?
792_2.wav,বিমানখন কিমান সময়?
793_2.wav,চিনেমাখন কেনেকোৱা হৈছিল?
794_2.wav,মই এটা ফোন কল কৰিব বিচাৰো।
795_2.wav,মই এটা সংৰক্ষণ কৰিব বিচাৰো।
796_2.wav,মোৰ এটা প্ৰশ্ন আছে যিটো মই আপোনাক সুধিব বিচাৰো।
797_2.wav,মই সেইটোও লম।
798_2.wav,মই এই মুহূৰ্তত আহি আছো।
799_2.wav,মই চাৰি দিনৰ ভিতৰত ঘৰলৈ গৈ আছো।
790_2.wav,গাড়ীৰে কিমান সময় লাগে?
81_2.wav,আপোনাৰ ভোক লাগিছে নেকি?
82_2.wav,তুমি নিশ্চিত নে?
83_2.wav,আপুনি কাইলৈ কাম কৰি আছে নেকি?
84_2.wav,ব্যৱসায় ভাল।
85_2.wav,চিয়ৰ্ছ!
86_2.wav,কালি বৰফ পৰিছিল নেকি?
87_2.wav,আপুনি মোৰ ইমেইল পাইছিলনে?
88_2.wav,আপুনি আপোনাৰ ঔষধ গ্ৰহণ কৰিছিলনে?
89_2.wav,আপুনি ভাল অনুভৱ কৰে নেকি?
80_2.wav,আপুনি এখন বিমান বা ৰেল ল'বলৈ গৈ আছে নেকি?
91_2.wav,আপোনাৰ আন এটা আছে নেকি?
92_2.wav,টাৱেল বিক্ৰী কৰা দোকান এখন ক'ত আছে আপুনি জানেনে?
93_2.wav,আপুনি ইয়াত ভাল পায় নেকি?
94_2.wav,আপুনি কিতাপখন ভাল পায় নেকি?
95_2.wav,আপোনাক কিবা প্ৰয়োজন নেকি?
96_2.wav,আপুনি কোনো ক্ৰীড়া খেলে নেকি?
97_2.wav,আপুনি ঔষধ বিক্ৰী কৰে নেকি? (দোকান)
98_2.wav,আপুনি ইংৰাজী অধ্যয়ন কৰে নেকি?
99_2.wav,আপুনি মোৰ সৈতে আহিব বিচাৰে নেকি?
90_2.wav,আপুনি প্ৰায়ে ফ্লৰিডালৈ যায় নেকি?
1_3.wav,মই মোৰ কাপোৰ ধুব লাগিব ।
2_3.wav,মোৰ দুগৰাকী ভগ্নী আছে ।
3_3.wav,মই তেওঁক ক'ম আপুনি ফোন কৰিছিল ।
4_3.wav,মোৰ বয়স ৩২ বছৰ ।
5_3.wav,"মই 6'2 "" ।"
6_3.wav,মোৰ সামুদ্ৰিক খাদ্যৰ প্ৰতি এলাৰ্জি আছে ।
7_3.wav,মই আমেৰিকান ।
8_3.wav,মোৰ আকাৰ 8 ।
9_3.wav,"মই ভালে আছো , আৰু তুমি ?"
0_3.wav,মোৰ বহুত বিষ হৈছে ।
101_3.wav,বিমানখন কেতিয়া আহে ?
102_3.wav,আপুনি ক’ত আছে ?
103_3.wav,আপুনি কিবা খাব বিচাৰে নেকি ?
104_3.wav,মই ইয়াক সঠিকভাৱে উচ্চাৰণ কৰিছো নেকি ?
105_3.wav,আপুনি মোক অনুগ্ৰহ কৰিব পাৰিবনে ?
106_3.wav,তুমি মোক সহায় কৰিব পাৰিবা নে ?
107_3.wav,আপুনি অনুগ্ৰহ কৰি সেইটো পুনৰ ক'ব পাৰিবনে ?
108_3.wav,আপুনি মোক দেখুৱাব পাৰিবনে ?
109_3.wav,আপুনি সেইটো মোৰ বাবে পেলাই দিব পাৰিবনে ?
100_3.wav,দোকানখন কিমান সময়ত খোলে ?
11_3.wav,মোৰ শৰীৰ ভাল নহয় ।
12_3.wav,মোৰ মনত আছে ।
13_3.wav,মই অলপ ইংৰাজী কওঁ ।
14_3.wav,আপোনাৰ ঘৰটো এনেকুৱা নেকি ?
15_3.wav,আপোনাৰ স্বামীও বষ্টনৰ নেকি ?
16_3.wav,এইটো বৰ ব্যয়বহুল নহয় ।
17_3.wav,মই তাত আছিলো ।
18_3.wav,ভাগ বতৰা কৰোঁ আহক ।
19_3.wav,মোৰ ছোৱালী ইয়াত আছে ।
10_3.wav,মই ভয় খোৱা নাই ।
111_3.wav,সেইটো নকৰিবা ।
112_3.wav,আপুনি সেইটো বিশ্বাস কৰে নেকি ?
113_3.wav,আপোনাৰ ওচৰত পেঞ্চিল আছে নেকি ?
114_3.wav,আপুনি ধূমপান কৰে নেকি ?
115_3.wav,আপুনি ইংৰাজী কয় নে ?
116_3.wav,"মাফ কৰিব , আপুনি কি কৈছিল ?"
117_3.wav,সেয়া পাহৰি যোৱা ।
118_3.wav,আপুনি সেইটো কেনেদৰে উচ্চাৰণ কৰিব ?
119_3.wav,আপুনি এইটো ইংৰাজীত কেনেকৈ কয় ?
110_3.wav,ইয়াত কোনোবাই ইংৰাজী কয় নেকি ?
121_3.wav,"আপুনি "" চিয়েটল "" শব্দটো কেনেদৰে বানান কৰিব ?"
122_3.wav,মই সাঁতুৰিব পাৰো ।
123_3.wav,মই তোমাক স্পষ্টকৈ শুনিব নোৱাৰো ।
124_3.wav,মই বেয়া নাপাও ।
125_3.wav,মই ইংৰাজী ভালদৰে নকওঁ ।
126_3.wav,মই তেনেকৈ নাভাবোঁ ।
127_3.wav,আপোনাৰ কথাবোৰ মই বুজি নাপাওঁ ।
128_3.wav,কোঠাটোত শীতাতপ নিয়ন্ত্ৰণ আছে নেকি ?
129_3.wav,মই ভাবো আপোনাৰ বহুত কাপোৰ আছে ।
120_3.wav,আপুনি ইয়াক কেনেদৰে বানান কৰিব ?
131_3.wav,হোটেলৰ সন্মুখত লগ পাওঁ আহক ।
132_3.wav,অনুগ্ৰহ কৰি বহক ।
133_3.wav,অনুগ্ৰহ কৰি ইংৰাজী কওঁক ।
134_3.wav,অনুগ্ৰহ কৰি অধিক লাহে লাহে কওঁক ।
135_3.wav,"দুঃখিত , মই স্পষ্টকৈ শুনা নাছিলো ।"
136_3.wav,ইয়াৰ অৰ্থ হৈছে বন্ধু ।
137_3.wav,সেয়া ভুল ।
138_3.wav,এইটো ক'বলৈ চেষ্টা কৰক ।
139_3.wav,ইয়াৰ অৰ্থ কি ?
130_3.wav,মই এতিয়া বুজি পাইছো ।
141_3.wav,এই শব্দটোৰ অৰ্থ কি ?
142_3.wav,বিনিময় হাৰ কিমান ?
143_3.wav,সেইখন কাৰ কিতাপ ?
144_3.wav,আপুনি কিয় যোৱা নাই ?
145_3.wav,আপুনি কিয় হাঁহি আছে ?
146_3.wav,তুমি সেইয়া কিয় কৰিছিলা ?
147_3.wav,আপোনাৰ কোনো বস্তুৰ প্ৰতি এলাৰ্জি আছে নেকি ?
148_3.wav,তুমি সাজু নে ?
149_3.wav,মোক কল কৰিবা ।
140_3.wav,এইটোৱে কি কয় ?
151_3.wav,আপুনি বেটাৰি বিক্ৰী কৰে নেকি ?
152_3.wav,মোৰ একো আহে বা নাযায় ।
153_3.wav,মই হাৰ মানিলোঁ ।
154_3.wav,মই এটা দুৰ্ঘটনাত পতিত হৈছিলো ।
155_3.wav,মোৰ চৰ্দি হৈছে ।
156_3.wav,মোৰ গাড়ীত এটা আছে ।
157_3.wav,আমি এই কেকটা বানিয়েছি ।
158_3.wav,মই এজন শিক্ষক ।
159_3.wav,মই স্ব - নিয়োজিত ।
150_3.wav,আপুনি মোক ফুল পঠিয়াইছিলনে ?
161_3.wav,মই এতিয়াও সিদ্ধান্ত লোৱা নাই ।
162_3.wav,ই বতৰৰ ওপৰত নিৰ্ভৰ কৰে ।
163_3.wav,আজি বৰ ঠাণ্ডা লাগিছে ।
164_3.wav,মোৰ লাগেজ নাই ।
165_3.wav,মোৰ পেটত বিষ হৈছে ।
166_3.wav,মোৰ ডিঙি টো বিষাইছে ।
167_3.wav,মোৰ ঘড়ীটো চুৰি হৈছে ।
168_3.wav,এই ঔষধটো গ্ৰহণ কৰক ।
169_3.wav,দুৰ্ঘটনাটো চাৰিআলিত সংঘটিত হৈছিল ।
160_3.wav,মোৰ এতিয়াও বহুত কৰিব লগা আছে ।
171_3.wav,মই আমেৰিকান ডলাৰ ক'ত বিনিময় কৰিব পাৰো ?
172_3.wav,আপুনি ক'ত কাম কৰে ?
173_3.wav,নিকটতম চিকিৎসালয় ক'ত আছে ?
174_3.wav,ডাকঘৰ ক'ত আছে ?
175_3.wav,আৰু তুমি ?
176_3.wav,আৰু কিবা ?
177_3.wav,সেইবোৰ একে নেকি ?
178_3.wav,আপুনি ভয় কৰে নেকি ?
179_3.wav,আপুনি তেওঁলোকৰ বিয়াত উপস্থিত থাকিব নেকি ?
170_3.wav,এখন গাড়ী দুৰ্ঘটনা সংঘটিত হৈছে ।
181_3.wav,আপুনি ঠিকে আছে নে ? ?
182_3.wav,তোমাৰ বেমাৰ নেকি ?
183_3.wav,বেংকৰ পিছফালে ।
184_3.wav,মই কিছু টকা ধাৰ ল'ব পাৰো নেকি ?
185_3.wav,অনুগ্ৰহ কৰি মই বিলখন পাব পাৰো নেকি ?
186_3.wav,আপুনি পিছত ফোন কৰিব পাৰিবনে ?
187_3.wav,আপুনি মোক পিছত ফোন কৰিব পাৰিবনে ?
188_3.wav,আপুনি এইটো মোৰ বাবে কঢ়িয়াব পাৰিবনে ?
189_3.wav,আপুনি ইয়াক ঠিক কৰিব পাৰিবনে ?
180_3.wav,তুমি বিবাহিত নে ?
191_3.wav,অনুগ্ৰহ কৰি আপুনি ডাঙৰকৈ ক'ব পাৰিবনে ?
192_3.wav,আপুনি সাঁতুৰিব পাৰিবনে ?
193_3.wav,তেওঁ বিদ্যালয়খন ভাল পায় নেকি ?
194_3.wav,আপুনি আমেৰিকান ডলাৰ গ্ৰহণ কৰে নেকি ?
195_3.wav,আপোনাৰ এগৰাকী প্ৰেমিকা আছে নেকি ?
196_3.wav,আপোনাৰ এপইণ্টমেণ্ট আছে নেকি ?
197_3.wav,আপোনাৰ কোনো সমস্যা আছে নেকি ?
198_3.wav,আপুনি সেইটো শুনিছেনে ?
199_3.wav,আপুনি মেৰিয়ট হোটেললৈ কেনেকৈ যাব লাগে জানেনে ?
190_3.wav,আপুনি মোক এটা উদাহৰণ দিব পাৰিবনে ?
21_3.wav,মোৰ দেউতা এজন উকীল ।
22_3.wav,যোৱা বছৰ মোৰ আইতাৰ মৃত্যু হৈছিল ।
23_3.wav,মোৰ নাম জন স্মিথ ।
24_3.wav,মোৰ ল'ৰা ।
25_3.wav,মোৰ পুত্ৰই কম্পিউটাৰ অধ্যয়ন কৰে ।
26_3.wav,"নহয় , মই আমেৰিকান ।"
27_3.wav,"নহয় , এইটো প্ৰথম বাৰৰ বাবে ।"
28_3.wav,আমাৰ ল'ৰা ছোৱালীবোৰ আমেৰিকাত আছে ।
29_3.wav,তাই এগৰাকী বিশেষজ্ঞ ।
20_3.wav,মোৰ দেউতা তাত আছে ।
31_3.wav,সেই গাড়ীখন মোৰ গাড়ীৰ দৰেই ।
32_3.wav,এয়া শ্ৰীমতী স্মিথ ।
33_3.wav,এয়া মোৰ মা ।
34_3.wav,মই ইয়াত প্ৰথমবাৰৰ বাবে আছোঁ ।
35_3.wav,আমাৰ দুটা ল'ৰা আৰু এজনী ছোৱালী আছে ।
36_3.wav,আপুনি আজি ৰাতি কি কৰিব ?
37_3.wav,আপোনাৰ ৰুচিবোৰ কি ?
38_3.wav,আপুনি কি অধ্যয়ন কৰে ?
39_3.wav,তুমি কি কৰিব বিচৰা ?
30_3.wav,তাই মোতকৈ ডাঙৰ ।
41_3.wav,আপোনাৰ প্ৰিয় চিনেমা কি ?
42_3.wav,আপোনাৰ অন্তিম নাম কি ?
43_3.wav,তোমাৰ নাম কি ?
44_3.wav,টি - চাৰ্টবোৰ ক'ত আছে ?
45_3.wav,তুমি ক'ত গৈছিলা ?
46_3.wav,আপুনি ইংৰাজী ক'ত শিকিলে ?
47_3.wav,আপুনি ইয়াত কাম কৰাৰ আগতে আপুনি ক'ত কাম কৰিছিল ?
48_3.wav,আপুনি ক’ত থাকে ?
49_3.wav,তুমি ক'ত আছিলা ?
40_3.wav,আপুনি কি বিদ্যালয়লৈ গৈছিল ?
51_3.wav,আপুনি এইটো কিনিব বিচাৰে নেকি ?
52_3.wav,আপোনাৰ সন্তানে খুব ভাল আচৰণ কৰিছে ।
53_3.wav,আপোনাৰ ছোৱালী ।
54_3.wav,আপুনি তেওঁতকৈ বুদ্ধিমান ।
55_3.wav,আপুনি ইংৰাজী ভালদৰে কয় ।
56_3.wav,কোনো সংগীতানুষ্ঠান আছে নেকি ?
57_3.wav,আপুনি চিনেমা চাবলৈ যাব বিচাৰে নেকি ?
58_3.wav,আপুনি এই চিনেমাখন দেখিছে নেকি ?
59_3.wav,তেওঁ কৈছিল আপুনি চিনেমা চাবলৈ ভাল পায় ।
50_3.wav,এই পত্ৰখন কোনে প্ৰেৰণ কৰিছিল ?
61_3.wav,বেংকটো দূৰত আছে নেকি ?
62_3.wav,ওচৰতে চিনেমা থিয়েটাৰ আছে নেকি ?
63_3.wav,লছ এঞ্জেলছত গ্ৰীষ্মকালত মানুহে সাধাৰণতে কি কৰে ?
64_3.wav,আপুনি কেনে ধৰণৰ সংগীত ভাল পায় ?
65_3.wav,আপোনাৰ প্ৰিয় খাদ্য কি ?
66_3.wav,চিনেমাখন কিমান সময়ত আৰম্ভ হয় ?
67_3.wav,আপোনাৰ শিক্ষক কোন আছিল ?
68_3.wav,আপুনি মোৰ সৈতে ৰাতিৰ আহাৰ খাব বিচাৰে নেকি ?
69_3.wav,আপুনি চিনেমা এখন ভাড়াত ল'ব বিচাৰে নেকি ?
60_3.wav,আপুনি কিমান ওখ ?
71_3.wav,মই আপোনাৰ ফোন ব্যৱহাৰ কৰিব পাৰোনে ?
72_3.wav,আপোনাৰ কোনো খালী পদ আছে নেকি ?
73_3.wav,আপোনাৰ ওচৰত টেক্সিৰ নম্বৰ আছে নেকি ?
74_3.wav,আপুনি তাইক চিনি পায় নেকি ?
75_3.wav,তাই ক'ত আছে আপুনি জানেনে ?
76_3.wav,আপুনি বাস্কেটবল খেলে নেকি ?
77_3.wav,অনুগ্ৰহ কৰি ইয়াক পূৰণ কৰক ।
78_3.wav,তেওঁক কিছু নতুন কাপোৰৰ প্ৰয়োজন ।
79_3.wav,সেয়া কিমান ?
70_3.wav,অনুগ্ৰহ কৰি মই এগিলাচ পানী খাব পাৰো নেকি ?
81_3.wav,মই তোমাক বিশ্বাস কৰোঁ ।
82_3.wav,অনুগ্ৰহ কৰি মই হিল্টন হোটেলৰ নম্বৰটো বিচাৰিম ।
83_3.wav,অনুগ্ৰহ কৰি মই এটা ফোন কাৰ্ড কিনিব বিচাৰো ।
84_3.wav,মই ঘৰলৈ যাব বিচাৰো ।
85_3.wav,মই বজাৰ কৰিবলৈ যাব বিচাৰো ।
86_3.wav,যদি আপুনি ভাল পায় মই অধিক কিনিব পাৰো ।
87_3.wav,মই এজন আৰম্ভণি ।
88_3.wav,মই ভৰ্তি ।
89_3.wav,মই মাত্ৰ ধেমালি কৰিছোঁ ।
80_3.wav,এইটো কিমান ?
91_3.wav,মই দুটা ভাষা কওঁ ।
92_3.wav,মই ভাবিছিলো তেওঁ আন কিবা কৈছিল ।
93_3.wav,এইটো বেছি দূৰ নহয় ।
94_3.wav,মই সাধাৰণতে ৰাতিপুৱাৰ আহাৰত কফি খাওঁ ।
95_3.wav,"দুঃখিত , আমাৰ ওচৰত কোনো নাই ।"
96_3.wav,কিতাপবোৰ ব্যয়বহুল ।
97_3.wav,ইয়াক চেষ্টা কৰক ।
98_3.wav,আপুনি কি কিনিব বিচাৰে ?
99_3.wav,কি আকাৰ ?
90_3.wav,মই অকলশৰীয়া ।
